,Message Date,Type,Text
0,2022-12-17 20:18:53,Outgoing,Yo
1,2022-12-17 14:06:06,Incoming,ğŸ˜‚
2,2022-12-17 20:50:30,Outgoing,Yeah poor connection
3,2022-12-17 21:10:26,Incoming,Maybe
4,2022-12-17 21:10:30,Incoming,In the morning
5,2022-12-17 21:10:37,Incoming,It will be better
6,2022-12-17 21:12:43,Outgoing,Hopefully
7,2022-12-18 06:37:52,Outgoing,You disconnected
8,2022-12-18 12:42:53,Incoming,Bro
9,2022-12-18 12:43:36,Incoming,ğŸ™‚
10,2022-12-19 01:48:41,Incoming,Oga
11,2022-12-19 06:24:15,Incoming,â€Missed voice call
12,2022-12-19 06:11:57,Incoming,Bro
13,2022-12-19 06:12:04,Incoming,U awake
14,2022-12-19 06:25:15,Incoming,â€Missed voice call
15,2022-12-19 08:51:47,Outgoing,Yo I was sleeping wassup
16,2022-12-19 07:33:51,Incoming,ğŸ™‚
17,2022-12-19 09:14:41,Incoming,I am good
18,2022-12-19 09:15:01,Incoming,Is about my essays
19,2022-12-23 10:55:09,Incoming,Gozie
20,2022-12-23 11:48:56,Outgoing,Ok so how will you use my suggestions
21,2022-12-23 11:49:19,Incoming,To improve the work
22,2022-12-23 11:49:59,Outgoing,Yeah in my opinion you need to edit almost every sentence
23,2022-12-23 11:50:15,Incoming,ğŸ™†ğŸ½â€â™‚ï¸
24,2022-12-23 15:05:17,Outgoing,Football (aka soccer) field
25,2022-12-23 15:18:27,Outgoing,What is your email
26,2022-12-23 15:18:41,Outgoing,Type
27,2022-12-23 15:18:50,Incoming,enenta0000@gmail.com
28,2022-12-23 15:19:48,Outgoing,3.87
29,2022-12-23 15:27:43,Incoming,ğŸ˜³ğŸ”¥
30,2022-12-23 15:27:47,Incoming,ğŸ¤¯ğŸ¤¯ğŸ¤¯
31,2022-12-24 08:14:40,Incoming,ğŸ˜‚
32,2022-12-25 09:31:48,Incoming,Merry Christmas
33,2022-12-25 09:31:51,Incoming,Bro
34,2022-12-25 09:32:58,Incoming,â€Missed voice call
35,2022-12-25 09:34:08,Incoming,â€Missed voice call
36,2022-12-25 10:39:23,Incoming,â€Missed voice call
37,2022-12-25 10:38:29,Incoming,Bro
38,2022-12-25 12:33:37,Incoming,â€Missed video call
39,2022-12-25 12:09:19,Incoming,Gotten home
40,2022-12-25 12:09:30,Incoming,?
41,2022-12-25 12:34:26,Incoming,â€Missed video call
42,2022-12-25 12:35:29,Outgoing,Shit I didnâ€™t say happy Christmas
43,2022-12-25 12:35:35,Outgoing,Happy Christmas ğŸ„
44,2022-12-25 12:35:55,Incoming,That's why
45,2022-12-25 12:36:00,Incoming,I am callling
46,2022-12-25 12:36:04,Incoming,Brooooooo
47,2022-12-25 12:36:13,Incoming,Answer my call
48,2022-12-25 12:50:19,Incoming,ğŸ™‚
49,2022-12-25 14:14:35,Outgoing,The wifi stopped
50,2022-12-25 14:15:54,Incoming,Mad oo
51,2022-12-25 18:30:34,Incoming,ğŸŒ
52,2022-12-25 18:29:51,Incoming,â€Missed voice call
53,2022-12-25 18:30:59,Incoming,Check this application
54,2022-12-25 18:31:59,Incoming,â€Missed voice call
55,2022-12-25 18:31:59,Incoming,â€Missed voice call
56,2022-12-25 18:33:45,Incoming,Gozie
57,2022-12-25 18:34:07,Incoming,â€Missed voice call
58,2022-12-25 18:40:31,Incoming,Please call me
59,2022-12-25 18:40:33,Incoming,Biko
60,2022-12-25 18:40:31,Incoming,â€Missed voice call
61,2022-12-26 09:59:02,Incoming,You free?
62,2022-12-26 14:42:01,Incoming,â€Missed voice call
63,2022-12-26 14:42:01,Incoming,â€Missed voice call
64,2022-12-26 13:31:31,Incoming,Bro
65,2022-12-26 14:18:01,Incoming,Bro please call me
66,2022-12-26 14:42:11,Incoming,â€Missed voice call
67,2022-12-27 02:03:16,Incoming,Bro
68,2022-12-27 02:03:34,Incoming,9amğŸ‘€
69,2022-12-27 07:53:04,Outgoing,Sorry this morning was crazy
70,2022-12-27 07:55:41,Incoming,No p
71,2022-12-27 11:17:27,Incoming,ğŸ™‚
72,2022-12-27 07:53:18,Incoming,â€Missed group voice call
73,2022-12-27 11:51:42,Incoming,Watsup
74,2022-12-27 11:51:45,Incoming,â€Missed voice call
75,2022-12-27 11:52:03,Outgoing,At the station with Frankman and Collins
76,2022-12-27 11:58:37,Incoming,ğŸ¤”
77,2022-12-27 13:41:39,Incoming,Bro
78,2022-12-27 13:29:03,Incoming,â€Missed video call
79,2022-12-27 14:31:09,Outgoing,Sup
80,2022-12-28 08:58:28,Incoming,â€Missed video call
81,2022-12-28 08:01:09,Incoming,Bro
82,2022-12-28 08:58:18,Incoming,Patrick
83,2022-12-28 11:51:40,Incoming,ğŸŒ
84,2022-12-28 16:00:42,Incoming,Bro
85,2022-12-28 16:36:43,Incoming,â€Missed video call
86,2022-12-28 17:08:30,Incoming,ğŸ™‚
87,2022-12-28 17:51:17,Incoming,.
88,2022-12-28 18:43:49,Outgoing,What happened
89,2022-12-28 18:44:09,Outgoing,Iâ€™m going to sleep
90,2022-12-29 11:42:16,Incoming,Sleep
91,2022-12-29 11:42:19,Incoming,Bro
92,2022-12-29 11:42:50,Outgoing,Thatâ€™s from yesterday
93,2022-12-29 11:43:00,Incoming,I know
94,2022-12-29 11:43:10,Incoming,I am still writing essay
95,2022-12-29 11:43:20,Outgoing,Ok
96,2022-12-29 11:43:26,Incoming,Yea
97,2022-12-29 16:48:27,Incoming,Essays areğŸ¥¶ğŸ¥¶ğŸ¥¶
98,2022-12-29 16:48:51,Incoming,3 schools are ready for submination
99,2022-12-29 16:49:05,Incoming,Make una pray for me o
100,2022-12-29 17:18:04,Incoming,Gozie we go for a review today
101,2022-12-29 17:18:14,Incoming,What time will be ohk?
102,2022-12-30 09:47:55,Outgoing,Now
103,2022-12-31 03:25:40,Incoming,I am calling
104,2022-12-31 03:34:03,Outgoing,I hear you
105,2022-12-31 04:01:25,Incoming,The network is bad
106,2022-12-31 04:05:47,Outgoing,Yeah
107,2022-12-31 04:05:49,Outgoing,Fr
108,2022-12-31 04:06:10,Incoming,Check this
109,2022-12-31 04:06:31,Outgoing,I am
110,2023-01-01 07:56:53,Outgoing,How far
111,2023-01-01 15:46:32,Incoming,I dey
112,2023-01-01 15:45:34,Incoming,â€Missed voice call
113,2023-01-01 15:46:41,Incoming,Happy new year bro
114,2023-01-01 15:50:31,Incoming,Are you still in the village?
115,2023-01-01 15:49:49,Incoming,â€Missed voice call
116,2023-01-01 15:59:36,Outgoing,Yo I havenâ€™t left the village yet
117,2023-01-01 16:00:07,Incoming,Ok
118,2023-01-02 04:25:43,Outgoing,Happy new year
119,2023-01-02 04:26:56,Incoming,Happy new year bro
120,2023-01-02 04:54:49,Incoming,â€Missed video call
121,2023-01-02 06:13:11,Outgoing,Bro weâ€™re out tourning Amokwe
122,2023-01-02 06:13:16,Outgoing,Touring*[
123,2023-01-02 06:29:54,Incoming,Ok
124,2023-01-02 06:30:11,Incoming,That's nice
125,2023-01-02 06:33:44,Outgoing,How you day ? What are you doing
126,2023-01-02 06:34:47,Incoming,Fine
127,2023-01-02 06:34:52,Incoming,Application
128,2023-01-02 06:35:24,Outgoing,Ok nice
129,2023-01-02 06:41:11,Incoming,â€Missed video call
130,2023-01-02 06:44:27,Incoming,Yea
131,2023-01-02 06:54:18,Outgoing,Weâ€™re chatting with Uncle Chimaoge rn I canâ€™t talk
132,2023-01-02 07:39:56,Incoming,Bro
133,2023-01-02 10:41:17,Incoming,Harvard
134,2023-01-02 10:44:42,Incoming,"It was two weeks until Christmas break; the tone had been set for the holiday festivities. My friends and I talked about all the fun stuff we would do the following week when the counselor summoned me. â€œGather four students; we are going to Hopeville,â€ he said. This visitation was only reserved for prestigious students; I was honored. After that, I knew I would regularly visit Hopeville Community Hospital, Uturu."
135,2023-01-02 10:57:22,Incoming,"In senior school, I was always assigned to tutor students who represented the school in international competitions. I even coached Ndoh Jewel - Nigeria's representative in the 2018 Olympiad competition."
136,2023-01-02 11:07:41,Outgoing,"I have a very unique sense of humor. I love to turn very mundane things into jokes or tie and humor to make things easier to digest in life. I use this skill a lot with my tutoring students. I have found that my kids are able to grasp information much easier when I tie in some sort of joke what kids are able to learn more freely because they feel that they can relate with me and I know that through my jokes, I can relay better with them. This carries over into many other aspects of my life, and I think that is very important to include a sense of humor."
137,2023-01-02 11:08:06,Incoming,Nice
138,2023-01-02 11:11:50,Incoming,Network?
139,2023-01-02 11:12:34,Outgoing,Yeah
140,2023-01-02 11:12:46,Outgoing,Call
141,2023-01-02 11:19:35,Outgoing,Increasingly
142,2023-01-02 11:25:37,Outgoing,"However, during this time the counselor summoned me and requested that I gather four other students to visit the hospital. My excitement grew as I knew this would be a unique opportunity to give back to the community."
143,2023-01-02 11:32:16,Outgoing,Yo
144,2023-01-02 11:33:22,Outgoing,I hear you
145,2023-01-02 11:34:06,Outgoing,The connection is too poor
146,2023-01-02 11:36:02,Outgoing,Y
147,2023-01-02 11:52:38,Incoming,â€Missed voice call
148,2023-01-02 11:35:53,Incoming,Seem
149,2023-01-02 11:35:57,Incoming,Seen
150,2023-01-02 11:53:39,Incoming,Is now
151,2023-01-02 11:53:48,Incoming,I am seeing your message
152,2023-01-02 11:53:54,Outgoing,Still poor
153,2023-01-02 11:53:55,Incoming,Can you edit the stuff
154,2023-01-02 11:54:01,Incoming,And send me your edits
155,2023-01-02 11:54:02,Incoming,Please
156,2023-01-02 11:54:07,Incoming,It will be better
157,2023-01-02 12:57:41,Incoming,Check this
158,2023-01-02 12:58:57,Incoming,Can you edit it
159,2023-01-02 12:59:04,Incoming,And send it back to me
160,2023-01-02 12:59:06,Incoming,Please
161,2023-01-02 13:09:04,Outgoing,No we Can work on it over the phone if the connection picks up
162,2023-01-02 12:59:22,Incoming,ğŸ™ğŸ½ğŸ™ğŸ½ğŸ™ğŸ½ğŸ™ğŸ½
163,2023-01-02 15:51:17,Incoming,I have submitted  the application
164,2023-01-02 15:52:19,Incoming,Thank you so much
165,2023-01-02 15:53:59,Incoming,I have Duke University
166,2023-01-02 15:54:07,Incoming,And university of Chicago
167,2023-01-03 02:06:48,Outgoing,Iâ€™m praying for you bro
168,2023-01-03 03:50:34,Incoming,Are you free
169,2023-01-03 03:50:41,Incoming,Let's edit
170,2023-01-03 03:50:46,Incoming,Duke University
171,2023-01-03 03:50:55,Incoming,And university of Chicago
172,2023-01-03 04:39:59,Incoming,â€Missed voice call
173,2023-01-03 13:04:39,Outgoing,Just came back to life . Sitting w your brother in Enugu rn. Wyd
174,2023-01-03 13:44:42,Outgoing,I realized Sarah didnâ€™t understand the question form my point of view. I needed to find a way to express the solution in a way she could grasp.
175,2023-01-03 13:49:35,Incoming,"Despite my efforts, one of my classmates, Sarah, disagree with my solution and asked me to explain"
176,2023-01-03 13:49:48,Outgoing,Disagreed*
177,2023-01-03 13:50:28,Outgoing,My answer differently /or/ prove my answer was correct different
178,2023-01-03 13:51:02,Incoming,Should
179,2023-01-03 13:51:07,Incoming,I add this
180,2023-01-03 13:55:06,Incoming,Read this
181,2023-01-03 13:57:31,Incoming,"Sitting at my desk surrounded by textbooks and notes, I felt satisfied knowing I could help my classmates understand complex math concepts. When our teacher asked for volunteers to lead review sessions, I eagerly raised my hand and took on the task. However, as I led the sessions, many classmates struggled to follow my explanations. Determined to help them succeed, I broke down the concepts and used various methods to illustrate the ideas."
182,2023-01-03 14:06:53,Outgoing,Iâ€™m exited for more opportunities to have my ideas challenged by other bright students
183,2023-01-03 14:07:34,Outgoing,So that I can learn from As many perspectives as possible
184,2023-01-03 14:11:50,Outgoing,"Iâ€™m excited about the opportunity to have my ideas challenged by other bright students at Brown University , which encourages students to seek deeper understanding of topics and to engage with diverse perspectives to think outside of the box"
185,2023-01-03 14:25:12,Incoming,"Sitting at my desk surrounded by textbooks and notes, I felt satisfied knowing I could help my classmates understand complex math concepts. When our teacher asked for volunteers to lead review sessions, I eagerly raised my hand and took on the task. However, as I led the sessions, many classmates struggled to follow my explanations. Determined to help them succeed, I broke down the concepts and used various methods to illustrate the ideas."
186,2023-01-03 14:48:31,Outgoing,I was overcome with a rush of adrenaline â€¦
187,2023-01-03 16:33:41,Incoming,Bro
188,2023-01-03 16:53:04,Outgoing,I began to see the beauty in the math
189,2023-01-03 16:58:14,Outgoing,Essential part of my goal to grow and contribute as a mathematician
190,2023-01-03 17:00:40,Outgoing,To grow as a mathematician and contribute to the John Hopkins community
191,2023-01-03 17:09:51,Incoming,"Your interests are clearly portrayed, but the part about JHU is generic. I could remove JHU and reuse the essay for another school. Schools don't really like this"
192,2023-01-03 17:12:13,Incoming,https //math.jhu.edu/~mathclub/
193,2023-01-03 17:16:45,Incoming,â€This message was deleted.
194,2023-01-03 17:34:05,Incoming,"As a student with an intense passion for mathematics, I have always been driven to explore the boundaries of what we understand about this fascinating subject. I remember when I first fell in love with maths. I was in my second year of junior high school. My math teacher, Mr. Eya, had a way of making the subject feel alive and exciting. He would often bring real-world examples to illustrate the concept we were learning and challenge us to think outside the box. There is one particularly memorable lesson where he asked us to calculate the volume of a complex 3D shape using only a ruler and a piece of paper. At first, I was intimidated by the problem, but as I worked through it, I began to see the beauty of math. The feeling of satisfaction that came from solving that problem is something that has stayed with me to this day."
195,2023-01-03 17:41:29,Outgoing,I am excited about the opportunity to a part of many math related extracurricular  activities such as ex numera
196,2023-01-03 17:41:56,Outgoing,â€¦ To participate in many math related â€¦
197,2023-01-03 17:47:12,Incoming,"As I look forward to my college experience at Johns Hopkins, I am excited about the opportunity to be part of many math-related extracurricular activities, such as the Ex Numera Mathematics Club. I believe these programs will give me the experience and support to push the limit of human understanding in mathematics"
198,2023-01-03 17:52:12,Incoming,such programs or such program
199,2023-01-03 17:59:57,Outgoing,Wow I canâ€™t call you
200,2023-01-03 18:00:16,Incoming,why
201,2023-01-03 18:00:28,Outgoing,Itâ€™s not connecting
202,2023-01-03 18:00:32,Incoming,what  happened
203,2023-01-03 18:00:36,Incoming,?
204,2023-01-03 18:00:44,Incoming,omoo
205,2023-01-03 18:00:47,Outgoing,Wait
206,2023-01-03 18:00:50,Incoming,â€Missed voice call
207,2023-01-03 18:00:57,Incoming,ok
208,2023-01-03 18:47:11,Incoming,ğŸ™‚
209,2023-01-03 20:25:38,Incoming,#20Y29R2C
210,2023-01-04 17:36:52,Incoming,â€Missed voice call
211,2023-01-06 12:01:01,Incoming,â€Missed video call
212,2023-01-06 12:08:05,Outgoing,Yo wassup
213,2023-01-07 07:22:06,Incoming,â€Missed voice call
214,2023-01-09 16:11:04,Incoming,ğŸ˜
215,2023-01-10 01:07:34,Outgoing,Hell yeah bro
216,2023-01-10 01:07:40,Outgoing,They tasted good too
217,2023-01-10 04:16:56,Incoming,I know right
218,2023-01-10 04:19:49,Outgoing,Keep pushing
219,2023-01-10 04:19:57,Incoming,I'm good and you
220,2023-01-10 04:20:04,Incoming,Doing nothing
221,2023-01-10 04:20:40,Incoming,Just revisting my applications I sent to ivies schools
222,2023-01-10 04:20:59,Incoming,Yeah!!
223,2023-01-10 04:21:17,Outgoing,Fine bro. Barbimg my hair now
224,2023-01-10 04:21:34,Outgoing,When will you hear back from those schools?
225,2023-01-10 04:21:48,Incoming,March
226,2023-01-10 04:21:50,Incoming,ğŸ¥²ğŸ¥²ğŸ™ğŸ½
227,2023-01-10 04:21:53,Incoming,Ok
228,2023-01-10 04:23:58,Outgoing,Ok weâ€™ll be praying
229,2023-01-10 04:24:11,Incoming,YeağŸ¤²ğŸ¾ğŸ¤²ğŸ¾
230,2023-01-10 04:24:20,Outgoing,I was a medical doctor in my dream last night ğŸ˜‚
231,2023-01-10 04:24:28,Outgoing,Operating on a heart
232,2023-01-10 04:24:28,Incoming,ğŸ˜‚ğŸ˜‚ğŸ˜‚
233,2023-01-10 04:24:47,Incoming,You need to apply to medical schools!
234,2023-01-10 04:24:51,Outgoing,Itâ€™s hard to decide what type of work to do bro
235,2023-01-10 04:25:07,Incoming,Why
236,2023-01-10 04:25:07,Outgoing,I agree but I feel hesitant â€¦
237,2023-01-10 04:25:47,Outgoing,I donâ€™t know. I just want to choose the smartest career. To have free time to do other businesses on the side
238,2023-01-10 04:25:59,Outgoing,Feel like doctors donâ€™t have that kind time
239,2023-01-10 04:26:02,Incoming,Did you try to be pre med track during your college time?
240,2023-01-10 04:26:11,Incoming,Yeah we dont
241,2023-01-10 04:26:18,Outgoing,No but i did bio and some chem
242,2023-01-10 04:26:49,Incoming,Can you use it to apply to medical school?
243,2023-01-10 04:26:49,Outgoing,Thatâ€™s why I feel like technology is a good idea
244,2023-01-10 04:27:13,Incoming,Hmmm
245,2023-01-10 04:30:27,Outgoing,Itâ€™s something to think about. Thatâ€™s why I say itâ€™s a hard decision. Being a doctor is also a very nice title
246,2023-01-10 04:30:50,Incoming,Yea
247,2023-01-10 04:32:25,Outgoing,I think so
248,2023-01-10 04:32:43,Incoming,You have to write mcat
249,2023-01-10 04:32:58,Outgoing,Yeah and study a lot
250,2023-01-10 04:33:41,Outgoing,I know I could do it. And that dream made me feel like itâ€™s a sign.
251,2023-01-10 04:33:50,Incoming,Yeah!
252,2023-01-10 04:33:53,Incoming,Ikr
253,2023-01-10 04:33:57,Incoming,Study a lot
254,2023-01-10 04:34:13,Incoming,Families will think you have forgotten em
255,2023-01-10 04:34:17,Incoming,ğŸ¥²
256,2023-01-10 04:34:17,Outgoing,I just need to do some research and soul searching
257,2023-01-10 04:35:00,Outgoing,Is a lie. You yourself still have time to chat ğŸ˜‚
258,2023-01-10 04:35:09,Incoming,ğŸ˜‚ğŸ˜‚ğŸ˜‚
259,2023-01-10 04:35:25,Incoming,MITğŸ’€
260,2023-01-10 04:35:38,Incoming,I don't know why guys want to go to that school
261,2023-01-10 04:37:03,Outgoing,Why?
262,2023-01-10 04:37:23,Outgoing,Itâ€™s a great tech school. I told you one of my professors went there
263,2023-01-10 04:37:38,Outgoing,I shouldâ€™ve tried to go to a better school
264,2023-01-10 04:37:40,Incoming,The curriculum is mad that you can't have a time for yourself
265,2023-01-10 04:38:07,Incoming,Relax! You can still go for masters program
266,2023-01-10 04:38:16,Outgoing,Couldâ€™ve met some great people. Although I met cool people in Texas state
267,2023-01-10 04:38:28,Incoming,Yea
268,2023-01-10 04:40:41,Incoming,I am trying to complete letter of rec letters
269,2023-01-10 04:40:48,Incoming,For counselor
270,2023-01-10 04:40:52,Incoming,2 teachers
271,2023-01-10 05:10:14,Outgoing,Ok good luck bro. Lmk if I can help
272,2023-01-10 05:27:50,Incoming,Thanks
273,2023-01-14 12:52:29,Incoming,Bro
274,2023-01-14 12:58:13,Outgoing,The movie uniquely showcases the power of science and innovation in a *mission* to save the world.
275,2023-01-14 13:11:27,Outgoing,"It reminded me that it is much more difficult for an individual to work alone, but a group of dedicated individuals working together can make a real impact."
276,2023-01-14 13:36:34,Outgoing,"One of the most significant challenges I anticipate is balancing my responsibilities to the community as a Bonner student with my other commitments, such as classes and other extracurricular activities."
277,2023-01-14 13:39:04,Outgoing,One of the most significant challenges I anticipate is remaining confident in the face of so many new people during community service . Iâ€™m usually a more reserved person. Iâ€™m excited for the opportunity to break out of my comfort zone by working and engaging with so many new people.
278,2023-01-14 14:29:31,Incoming,Safe flight
279,2023-01-14 14:29:33,Incoming,Bro
280,2023-01-14 14:29:38,Incoming,I will be waiting
281,2023-01-14 16:27:41,Incoming,ğŸ˜
282,2023-01-14 16:27:52,Incoming,16 hrs
283,2023-01-14 16:27:54,Incoming,Omo
284,2023-01-15 04:10:08,Incoming,ğŸ¤”
285,2023-01-15 07:32:20,Incoming,US
286,2023-01-15 07:51:22,Incoming,â€Missed voice call
287,2023-01-15 07:53:55,Outgoing,Sup
288,2023-01-15 07:54:11,Incoming,You are in US now
289,2023-01-15 07:54:17,Incoming,?
290,2023-01-15 07:54:25,Outgoing,Yup just landed
291,2023-01-15 07:54:47,Incoming,Thanks to God
292,2023-01-15 07:54:53,Incoming,Next one is to texas
293,2023-01-15 07:54:58,Incoming,Right?
294,2023-01-15 07:55:44,Outgoing,Yeah
295,2023-01-15 07:55:50,Outgoing,Thank God
296,2023-01-15 08:22:42,Incoming,Are you tired?
297,2023-01-15 08:22:46,Incoming,ğŸ¤²ğŸ¾ğŸ¤²ğŸ¾ğŸ¤²ğŸ¾
298,2023-01-15 08:22:58,Outgoing,Yep
299,2023-01-15 08:23:16,Incoming,ğŸ¥²ğŸ¥²ğŸ¥²
300,2023-01-15 08:23:28,Incoming,I called elochi
301,2023-01-15 08:23:36,Incoming,She didn't answer me
302,2023-01-15 08:23:54,Incoming,I guess she was busy with school
303,2023-01-15 08:39:25,Outgoing,Yeah or sheâ€™s tired also
304,2023-01-15 08:39:45,Outgoing,Iâ€™m surprised your school doesnâ€™t offer essay editing services
305,2023-01-15 08:39:53,Outgoing,Or are you still on break?
306,2023-01-15 08:40:16,Incoming,Break
307,2023-01-15 08:43:55,Outgoing,Does your school offer this
308,2023-01-15 08:44:00,Incoming,No
309,2023-01-15 08:44:08,Outgoing,Crazy Russians
310,2023-01-15 08:44:09,Incoming,No Nigerian schools
311,2023-01-15 08:44:13,Incoming,Does that
312,2023-01-15 08:44:18,Outgoing,I meant Russian
313,2023-01-15 08:44:22,Outgoing,Your university
314,2023-01-15 08:44:24,Incoming,Russians can't speak English
315,2023-01-15 08:44:32,Outgoing,Ah makes sense
316,2023-01-15 08:44:40,Outgoing,Forgot about that part
317,2023-01-15 08:45:05,Incoming,That why I need help
318,2023-01-15 08:45:44,Outgoing,Thatâ€™s fair
319,2023-01-15 08:46:30,Incoming,Is there a way you will help
320,2023-01-15 08:46:33,Incoming,Remember
321,2023-01-15 08:46:45,Incoming,We were editing one
322,2023-01-15 08:46:59,Incoming,I need to win this scholarship
323,2023-01-15 08:47:02,Incoming,ğŸ™ğŸ½
324,2023-01-15 08:47:05,Outgoing,Yeah less than a day ago
325,2023-01-15 08:47:32,Outgoing,Flying donâ€™t make you forget things right
326,2023-01-15 08:47:45,Incoming,No
327,2023-01-15 08:47:55,Outgoing,Ok.
328,2023-01-15 08:48:05,Outgoing,Once weâ€™re through security and chilling I can help you
329,2023-01-15 08:48:06,Incoming,When is your next flight
330,2023-01-15 08:48:09,Outgoing,1
331,2023-01-15 08:48:18,Incoming,Ok
332,2023-01-15 08:48:21,Incoming,Thank you
333,2023-01-15 08:49:57,Outgoing,Sure
334,2023-01-15 09:14:06,Incoming,Will be looking this
335,2023-01-15 09:14:09,Incoming,Please
336,2023-01-15 09:14:33,Incoming,Ppl way wan enter us
337,2023-01-15 10:24:34,Incoming,Omo
338,2023-01-15 10:24:52,Incoming,Are you done with the securities?
339,2023-01-15 10:32:20,Outgoing,No we have extra screening
340,2023-01-15 10:42:36,Incoming,Mad ooo
341,2023-01-15 10:42:47,Incoming,1 pm
342,2023-01-15 10:42:59,Incoming,Is your time for flight to texas
343,2023-01-15 10:43:01,Incoming,Right
344,2023-01-15 10:43:06,Outgoing,Yeah
345,2023-01-15 10:43:07,Incoming,How many hours?
346,2023-01-15 10:43:16,Incoming,ğŸ¤²ğŸ¾
347,2023-01-15 10:43:22,Outgoing,4
348,2023-01-15 10:43:42,Incoming,Should I take the risk
349,2023-01-15 10:44:00,Incoming,From airport to your house is how many hours
350,2023-01-15 10:44:05,Outgoing,1
351,2023-01-15 10:44:16,Incoming,5 hours
352,2023-01-15 10:44:25,Incoming,And extra 30mins
353,2023-01-15 10:44:33,Incoming,Do you think
354,2023-01-15 10:44:49,Incoming,You will be at home before 6pm Texas time?
355,2023-01-15 10:45:12,Outgoing,God willing if we donâ€™t miss our flight
356,2023-01-15 10:45:21,Incoming,Miss
357,2023-01-15 10:45:23,Incoming,Why
358,2023-01-15 10:46:02,Incoming,11 45 in Washington
359,2023-01-15 10:46:06,Incoming,Now
360,2023-01-15 10:46:19,Incoming,Am
361,2023-01-15 10:46:32,Incoming,Why is the securities check so intense
362,2023-01-15 10:46:41,Incoming,Are you not a citizen of America
363,2023-01-15 10:46:52,Outgoing,Cause we seemed suspicious
364,2023-01-15 10:46:59,Incoming,Aha
365,2023-01-15 10:47:14,Incoming,So where are you?
366,2023-01-15 10:47:45,Incoming,My deadline to submit this essays is before  11pm florida time
367,2023-01-15 10:47:55,Incoming,I need to this scholarship
368,2023-01-15 10:47:55,Outgoing,Ok
369,2023-01-15 10:47:58,Incoming,Get
370,2023-01-15 10:48:03,Incoming,ğŸ¥²ğŸ¥²ğŸ¥²ğŸ¥²
371,2023-01-15 11:54:37,Incoming,Have you guys boarded
372,2023-01-15 11:54:42,Incoming,?
373,2023-01-15 11:54:59,Incoming,It's almost 1pm
374,2023-01-15 12:36:00,Incoming,Bro
375,2023-01-15 14:42:24,Outgoing,Weâ€™re flying
376,2023-01-15 14:43:00,Incoming,ğŸ˜‚ğŸ˜‚ğŸ˜‚
377,2023-01-15 15:01:09,Incoming,Shey you know I am taking mad risk
378,2023-01-15 14:43:43,Incoming,â€Missed voice call
379,2023-01-15 15:29:59,Outgoing,Risk?
380,2023-01-15 15:30:00,Outgoing,How
381,2023-01-15 15:30:18,Outgoing,Weâ€™re about to land
382,2023-01-15 15:30:30,Incoming,And you are chatting
383,2023-01-15 15:30:35,Incoming,Off ur phone
384,2023-01-15 15:30:53,Incoming,I will call the pilot now
385,2023-01-15 15:30:57,Incoming,ğŸ˜‘ğŸ˜‘ğŸ˜‘
386,2023-01-15 15:31:37,Outgoing,Fuckk the pilot and fuckk this plane
387,2023-01-15 15:31:44,Incoming,Guy
388,2023-01-15 15:31:47,Incoming,ğŸ˜‚ğŸ˜‚ğŸ˜‚
389,2023-01-15 15:32:21,Outgoing,Long day man
390,2023-01-15 15:32:30,Incoming,What happened
391,2023-01-15 15:32:48,Incoming,The pilot isn't flying the plane well ?
392,2023-01-15 15:35:39,Incoming,I thank God for journey mercy
393,2023-01-15 15:37:36,Incoming,We
394,2023-01-15 15:41:55,Outgoing,He was Iâ€™m just tired of all the travel procedures
395,2023-01-15 15:42:10,Incoming,Lol
396,2023-01-15 15:44:31,Incoming,ğŸ˜‚
397,2023-01-15 17:43:43,Incoming,Bro
398,2023-01-15 18:06:34,Outgoing,Yo
399,2023-01-15 18:07:45,Incoming,ğŸ™ğŸ½ğŸ™ğŸ½ğŸ™ğŸ½
400,2023-01-15 18:23:34,Incoming,broooooooooooooo
401,2023-01-15 18:57:36,Incoming,I was forced to submitğŸ¥²ğŸ¥²
402,2023-01-15 18:57:53,Outgoing,Fuck
403,2023-01-15 18:58:10,Outgoing,Wait why u said itâ€™s due 11
404,2023-01-15 18:58:15,Incoming,This
405,2023-01-15 18:58:18,Incoming,Only
406,2023-01-15 18:58:25,Incoming,Apart from the Bonner
407,2023-01-15 18:58:30,Outgoing,Tough
408,2023-01-15 18:58:39,Incoming,What do you think
409,2023-01-15 18:58:46,Incoming,Are you free?
410,2023-01-15 18:58:56,Incoming,Now
411,2023-01-15 19:22:27,Incoming,Broooooo
412,2023-01-15 19:22:44,Incoming,Will you be free in 30mins
413,2023-01-15 18:06:58,Incoming,â€Missed group voice call
414,2023-01-15 19:30:10,Incoming,â€Missed voice call
415,2023-01-15 19:33:21,Incoming,â€Missed voice call
416,2023-01-16 03:12:06,Incoming,ğŸ˜‚ğŸ˜‚ğŸ˜‚
417,2023-01-16 03:12:05,Outgoing,Sorry man I passed out
418,2023-01-16 03:12:13,Incoming,No worries
419,2023-01-16 03:12:18,Incoming,Elochi
420,2023-01-16 03:12:25,Incoming,Helped me
421,2023-01-16 03:14:01,Outgoing,Ok thank God. I woke up panic
422,2023-01-16 03:14:40,Incoming,Lol
423,2023-01-16 17:58:44,Outgoing,5124131757
424,2023-01-16 23:52:44,Incoming,â€Missed voice call
425,2023-01-17 09:25:42,Incoming,Yes
426,2023-01-17 09:39:29,Outgoing,Ok I missed the call yesterday
427,2023-01-17 09:55:33,Incoming,ğŸ™‚ğŸ™‚ğŸ™‚
428,2023-01-17 16:42:02,Incoming,https //docs.google.com/document/d/14psKYF5OjsOq6M5U6ctre2QR-3fdaAmPu5N1AlxHLms/edit?usp=sharing
429,2023-01-17 18:56:38,Incoming,â€Missed voice call
430,2023-01-17 19:01:49,Incoming,Brooooooooooooooo
431,2023-01-19 10:57:37,Incoming,Bro
432,2023-01-19 11:02:21,Outgoing,https //pdf.easeus.com/pdf-knowledge-center/how-to-copy-signature-from-pdf.html
433,2023-01-19 11:03:23,Outgoing,https //www.fotor.com/features/remove-background-from-signature/
434,2023-01-19 11:36:53,Incoming,https //acrobat.adobe.com/proxy/pricing/us/en/edit-pdf.html?trackingid=YXPZG1N7&ttid=edtpdf1&mv=in-product&mv2=reader&SCAMode=Rdr&DTProd=Reader&DTServLvl=SignedOut
435,2023-01-19 12:37:37,Incoming,Adobe Acrobat Reader
436,2023-01-19 12:37:54,Incoming,enentachinedu10@gmail.com
437,2023-01-19 12:38:07,Incoming,Ilovechinedu@1
438,2023-01-20 15:06:54,Incoming,â€Missed voice call
439,2023-01-20 18:28:20,Incoming,https //www.linkedin.com/in/oyenike-o-oyerinde
440,2023-01-20 18:28:33,Incoming,This is the woman interviewing me
441,2023-01-21 12:12:09,Outgoing,Bet she has an impressive profile
442,2023-01-21 12:12:14,Outgoing,Bro*
443,2023-01-21 12:13:27,Incoming,Very
444,2023-01-21 12:13:32,Incoming,Impressive
445,2023-01-21 12:15:26,Outgoing,"Princeton, Yale , and John Hopkins"
446,2023-01-21 12:16:45,Incoming,And I applied to all her
447,2023-01-21 12:16:47,Incoming,School
448,2023-01-21 12:16:51,Incoming,s
449,2023-01-21 12:16:54,Incoming,ğŸ˜‚ğŸ˜‚ğŸ˜‚ğŸ˜‚
450,2023-01-21 12:16:58,Incoming,Omo
451,2023-01-21 12:57:38,Outgoing,Omor
452,2023-01-21 12:57:55,Incoming,Omo
453,2023-01-21 12:57:57,Incoming,Omor
454,2023-01-21 12:58:00,Incoming,Is all the same
455,2023-01-23 14:36:21,Incoming,â€Missed voice call
456,2023-01-23 14:37:03,Incoming,Bro
457,2023-01-23 14:37:11,Incoming,Can you call me back please
458,2023-01-28 08:06:08,Incoming,Brooi
459,2023-01-28 08:22:26,Incoming,â€Missed voice call
460,2023-01-28 08:48:40,Incoming,â€Missed voice call
461,2023-02-11 00:27:12,Incoming,Bro
462,2023-02-12 00:05:26,Outgoing,Did you get the video?
463,2023-02-12 02:04:43,Incoming,Nope
464,2023-02-12 02:08:18,Incoming,"Selorm please I made a video for Uchicago, Vassar and Bowdoin. Please I want you to check if it's okay for me to send"
465,2023-02-12 02:08:28,Incoming,This a friend of mine
466,2023-02-12 02:08:47,Incoming,His own is about graphics designing
467,2023-02-12 02:08:59,Incoming,And I want to do mine as coding
468,2023-02-13 00:09:43,Outgoing,This was cool.
469,2023-02-13 00:10:05,Outgoing,I can try to help tomorrow evening
470,2023-02-13 02:12:44,Incoming,Thank you gozie
471,2023-02-13 02:12:51,Incoming,ğŸ™ğŸ½ğŸ™ğŸ½ğŸ™ğŸ½ğŸ™ğŸ½
472,2023-02-13 09:05:26,Incoming,Can I get a transcript of this guy
473,2023-02-13 09:05:39,Incoming,Like his voice turn into written words
474,2023-02-13 09:05:41,Incoming,?
475,2023-02-13 09:05:52,Outgoing,What do you mean?
476,2023-02-13 09:13:22,Incoming,https //drive.google.com/file/d/1nz4KEwZvsY8vwVv72OzuMqgib0QbnnCm/view
477,2023-02-13 09:13:49,Outgoing,You already sent it
478,2023-02-13 09:14:26,Incoming,I know
479,2023-02-13 09:14:38,Incoming,I am trying to do something
480,2023-02-13 09:19:24,Outgoing,Ok
481,2023-02-13 19:39:56,Incoming,Howfar bro
482,2023-02-13 19:40:17,Incoming,I preparing a transcript for what I will say about coding
483,2023-02-13 19:40:25,Outgoing,Just got off work. What about you?
484,2023-02-13 19:40:23,Incoming,And how it has shaped me
485,2023-02-13 19:40:31,Incoming,I will show it to you
486,2023-02-13 19:40:51,Incoming,Omo I am still working on this coding video portfolio
487,2023-02-13 21:37:02,Outgoing,crucial patterns
488,2023-02-13 21:39:37,Outgoing,"I discovered that the process of coding was not about the final piece, but about all the modular pieces working together   seamlessly."
489,2023-02-13 21:40:21,Outgoing,modular components*
490,2023-02-13 21:47:01,Outgoing,"As I continued on my journey, I encountered many obstacles. There were times when I struggled to put my ideas into code or when I would be stuck raking my brain for weeks to fix bugs. But I didn't let these challenges defeat me."
491,2023-02-13 21:47:32,Outgoing,"And most importantly, I learn to be kind to myself and appreciate my own unique problem solving techniques and vision."
492,2023-02-13 21:54:20,Incoming,â€This message was deleted.
493,2023-02-13 21:55:44,Incoming,Enenta Emmanuel Chinedu is the name of my family. The Marist Brothers Juniorate is where I now completed high school. Coding and independent research are two things I enjoy doing. I long to produce interactive media material for learning environments by fusing my love of coding with my passion for technology.
494,2023-02-13 21:56:07,Incoming,My name is Enenta Emmanuel Chinedu. I just received my high school diploma from Marist Brothers Juniorate. I adore doing personal research and coding. I aspire to produce interactive media material for educational settings by fusing my love of coding with my passion for technology.
495,2023-02-13 21:56:24,Incoming,Enenta Emmanuel Chinedu is my name. I recently received my high school diploma from Marist Brothers Juniorate. I enjoy doing both personal research and code. I have a desire of fusing my enthusiasm for technology and my love of coding to produce interactive media for educational settings.
496,2023-02-13 22:02:12,Outgoing,"My name is Enenta Emmanuel Chinedu. I just received my high school diploma from Marist Brothers Juniorate. I adore doing personal research and coding. I aspire to produce interactive media material for educational settings by fusing my love of coding ,technology , and  my passion for sharing knowledge ."
497,2023-02-18 00:31:20,Incoming,My Princeton interview
498,2023-02-18 00:32:01,Incoming,Play the voice note
499,2023-02-18 00:32:05,Incoming,Brother
500,2023-02-18 00:35:20,Incoming,Yea
501,2023-02-18 00:56:58,Outgoing,Thatâ€™s some good advice.
502,2023-02-18 00:59:12,Incoming,Yea
503,2023-02-18 00:59:14,Incoming,Very
504,2023-02-18 00:59:20,Incoming,I am hoping on God
505,2023-02-18 00:59:30,Incoming,For Princeton acceptance letter
506,2023-02-18 00:59:41,Incoming,ğŸ¤²ğŸ¾ğŸ¤²ğŸ¾ğŸ¤²ğŸ¾
507,2023-03-01 01:53:33,Outgoing,You still need that coding video?
508,2023-03-01 01:54:07,Incoming,No
509,2023-03-01 01:54:32,Outgoing,Bet
510,2023-03-01 01:54:34,Incoming,I had to do it my self and I have already submitted
511,2023-03-01 01:55:08,Outgoing,Ok sounds good. I'm sure yo got good practice ğŸ’€
512,2023-03-01 01:55:18,Outgoing,Your video should be good.
513,2023-03-01 01:57:38,Incoming,Yea
514,2023-03-01 01:57:41,Incoming,It was
515,2023-03-01 01:57:56,Incoming,https //drive.google.com/file/d/1HT0h5WjdHLSdBHnrYd0Bw9PNO5aWyyBf/view?usp=share_linkhttps //drive.google.com/file/d/1HT0h5WjdHLSdBHnrYd0Bw9PNO5aWyyBf/view?usp=share_link
516,2023-03-01 02:00:43,Outgoing,Wow it's great bro
517,2023-03-01 02:00:56,Incoming,I had to code
518,2023-03-01 02:01:10,Incoming,There was no time
519,2023-03-01 02:01:28,Incoming,I am coming to states soon by the grace of God
520,2023-03-01 02:01:32,Incoming,ğŸ™ğŸ½
521,2023-03-01 02:03:41,Outgoing,Yeah man I saw. It looked like you learned some. That's what I meant
522,2023-03-01 02:03:54,Outgoing,No time? To edit or what?
523,2023-03-01 02:04:10,Outgoing,God will reward your efforts my nigga
524,2023-03-01 02:05:56,Incoming,Yea
525,2023-03-01 02:06:15,Incoming,This month march is a release decision month
526,2023-03-03 02:14:45,Incoming,Waitlisted by Whitman. College
527,2023-03-05 16:38:23,Outgoing,Thatâ€™s not bad news. Atleast now you know
528,2023-03-05 16:38:45,Incoming,Yea
529,2023-03-07 01:47:16,Incoming,Bro
530,2023-03-07 08:49:53,Outgoing,Yo
531,2023-03-07 11:00:45,Incoming,How are u doing
532,2023-03-07 16:43:41,Outgoing,Cool bro how are you
533,2023-03-07 16:45:05,Incoming,Just there
534,2023-03-07 16:45:12,Incoming,Waiting for friday
535,2023-03-07 16:45:16,Incoming,Uchicago
536,2023-03-07 16:47:25,Outgoing,Fingers crossed
537,2023-03-07 16:47:37,Outgoing,U still using your friends computer?
538,2023-03-07 16:48:22,Incoming,Yea
539,2023-03-07 16:48:25,Incoming,Buh now
540,2023-03-07 16:48:35,Incoming,He behave somehow
541,2023-03-07 16:48:44,Incoming,I can't use it again
542,2023-03-07 16:55:19,Outgoing,Thatâ€™s fucked up
543,2023-03-07 16:55:30,Outgoing,He said you were on there too long or what
544,2023-03-07 16:55:57,Incoming,No
545,2023-03-07 16:56:06,Incoming,He was behaving weird
546,2023-03-07 16:56:37,Incoming,No worries I have completed my applications
547,2023-03-07 16:56:51,Incoming,I will use my phone to check decisions
548,2023-03-07 16:57:27,Outgoing,Must be a reason but ok
549,2023-03-07 16:57:38,Outgoing,So what you gotta do man
550,2023-03-07 16:58:00,Outgoing,Do they have any libraries near you with free computers to use
551,2023-03-07 16:58:25,Incoming,Like to him he was helping and he can do what ever he wants
552,2023-03-07 16:58:30,Incoming,No
553,2023-03-07 16:58:44,Incoming,My phone
554,2023-03-07 16:59:06,Outgoing,Some people are making this money doing computer science
555,2023-03-07 16:59:29,Incoming,Mad oo
556,2023-03-07 16:59:38,Incoming,That's me bro
557,2023-03-07 16:59:39,Outgoing,Tech Might be better than being a doctor die now
558,2023-03-07 16:59:48,Incoming,Hmm
559,2023-03-07 16:59:48,Outgoing,For * not die
560,2023-03-07 17:00:03,Incoming,I will try to combine both
561,2023-03-07 17:00:08,Outgoing,Smart
562,2023-03-07 17:00:32,Incoming,Yea
563,2023-03-07 19:03:46,Incoming,Do u know
564,2023-03-07 19:03:52,Incoming,Website
565,2023-03-07 19:04:08,Incoming,I could download PC games
566,2023-03-07 19:09:23,Incoming,Can you give me
567,2023-03-07 19:09:29,Incoming,A link
568,2023-03-07 19:09:38,Incoming,This r2r
569,2023-03-07 19:10:15,Outgoing,attach a game name
570,2023-03-07 19:10:37,Incoming,Like
571,2023-03-07 19:10:46,Incoming,Naruto r2r
572,2023-03-07 19:10:55,Incoming,Is it what you mean?
573,2023-03-07 19:12:10,Incoming,Give me a sample
574,2023-03-07 19:21:32,Outgoing,torrent
575,2023-03-07 19:28:59,Outgoing,https //www.reddit.com/r/Unlocked_Games/comments/ybpx8l/fifa_22_free_download_with_multiplayer/
576,2023-03-07 19:29:52,Outgoing,https //nexus-games.net/game/fifa-22-free-download/
577,2023-03-07 19:31:49,Outgoing,reddit.com
578,2023-03-07 19:38:51,Incoming,https //gameshost.games/download/CallofDutyBlackOps4-LicenseKey/
579,2023-03-08 15:41:35,Incoming,â€Missed video call
580,2023-03-08 15:41:43,Incoming,â€Missed video call
581,2023-03-08 15:41:50,Incoming,Bro
582,2023-03-08 15:41:53,Incoming,â€Missed video call
583,2023-03-08 15:42:07,Incoming,What did you do to ur whatsapp
584,2023-03-08 15:46:25,Outgoing,wym?
585,2023-03-08 15:46:33,Outgoing,how
586,2023-03-08 15:53:11,Incoming,I called u
587,2023-03-08 15:53:17,Incoming,It said unavailable
588,2023-03-08 16:41:04,Incoming,Bro
589,2023-03-08 16:46:12,Outgoing,What's up
590,2023-03-08 16:46:20,Incoming,How are u doing
591,2023-03-08 17:12:01,Outgoing,I'm cool wby
592,2023-03-08 17:14:14,Incoming,I am writing a description
593,2023-03-08 17:14:23,Incoming,About that my coding video
594,2023-03-08 17:19:25,Incoming,â€This message was deleted.
595,2023-03-08 17:20:31,Incoming,â€Missed voice call
596,2023-03-08 17:20:40,Incoming,â€Missed voice call
597,2023-03-08 17:22:25,Incoming,"The significance of coding in my life is explored in this video. The viewer will be able to witness how coding has influenced me via the trials and difficulties I overcame by seeing my personal story and video of me coding a webpage. I talk about how learning to code has helped me express myself, deal with difficult emotions, and find a sense of direction in my life."
598,2023-03-08 17:23:27,Incoming,â€Missed voice call
599,2023-03-08 17:25:54,Incoming,Gozie
600,2023-03-08 17:25:57,Incoming,Gozie
601,2023-03-08 17:26:09,Incoming,Damn what did you do to your phone
602,2023-03-08 17:26:55,Incoming,â€Missed voice call
603,2023-03-08 17:29:17,Incoming,â€Missed voice call
604,2023-03-08 18:10:11,Incoming,Is this good
605,2023-03-08 20:16:30,Outgoing,Nun bro I'm just busy
606,2023-03-08 20:16:30,Outgoing,what's up
607,2023-03-09 07:02:48,Incoming,Is this good
608,2023-03-09 07:02:50,Incoming,?/
609,2023-03-09 13:27:49,Outgoing,"The significance that building code has in my life is explored in this video. The viewer will be able to witness how creating code has influenced me via the trials and difficulties I overcame. They will also get a glimpse of my personal story and behind the scenes footage of me building a webpage. I talk about how learning to code creatively has helped me express myself, deal with difficult emotions, and find a sense of direction in my life."
610,2023-03-09 13:47:52,Outgoing,Waiting in your comment
611,2023-03-09 13:47:57,Outgoing,On*
612,2023-03-09 13:48:16,Incoming,Is good
613,2023-03-09 14:12:57,Incoming,â€Missed voice call
614,2023-03-09 14:28:37,Outgoing,you can't hear me
615,2023-03-09 14:28:42,Outgoing,I'm here shouting
616,2023-03-09 14:28:44,Outgoing,yes
617,2023-03-09 18:31:18,Incoming,"Be awake by this time,"
618,2023-03-09 18:31:29,Incoming,We check uChicago
619,2023-03-09 18:31:32,Incoming,Together et
620,2023-03-09 18:55:40,Outgoing,what time?
621,2023-03-09 18:56:00,Incoming,What say the time
622,2023-03-09 18:56:01,Incoming,Now
623,2023-03-09 18:56:10,Outgoing,7 pm
624,2023-03-09 18:56:43,Incoming,5pm
625,2023-03-09 18:56:48,Incoming,We check it
626,2023-03-09 21:23:06,Incoming,Bro
627,2023-03-09 21:23:17,Incoming,10 hours from your time
628,2023-03-10 07:43:08,Incoming,Brooo
629,2023-03-10 07:48:47,Incoming,11 mins
630,2023-03-10 07:58:07,Incoming,â€Missed voice call
631,2023-03-10 08:07:53,Incoming,Extend to 5pm et
632,2023-03-10 22:09:14,Incoming,Rejected bro
633,2023-03-10 22:09:22,Incoming,Uchicago
634,2023-03-10 22:09:51,Outgoing,Fuckk bro sorry. Thereâ€™s still hope
635,2023-03-13 17:41:17,Outgoing,We need to play. Get the app
636,2023-03-13 17:41:44,Incoming,Which app
637,2023-03-13 17:41:49,Outgoing,Chess app
638,2023-03-13 17:41:53,Outgoing,Or play online
639,2023-03-13 17:42:19,Incoming,Send me link
640,2023-03-13 17:42:31,Outgoing,Use this link to friend me on Chess.com https //friend.chess.com/MjLir and let's play sometime!
641,2023-03-13 17:43:47,Incoming,Installing
642,2023-03-13 18:57:41,Incoming,Done
643,2023-03-13 20:29:49,Outgoing,Sweet add me
644,2023-03-13 20:30:17,Incoming,Send your name
645,2023-03-13 20:32:02,Incoming,Ok
646,2023-03-14 01:04:28,Incoming,I was trying to add u
647,2023-03-14 01:04:28,Incoming,It was hard
648,2023-03-15 15:22:48,Outgoing,send a link to your account or your username
649,2023-03-15 15:43:14,Incoming,Ok
650,2023-03-15 15:45:38,Incoming,Use this link to friend me on Chess.com https //friend.chess.com/521YQ and let's play sometime!
651,2023-03-15 21:32:07,Incoming,Bro
652,2023-03-15 21:35:59,Incoming,You didn't reply me
653,2023-03-15 21:36:07,Outgoing,Whatâ€™s good nigha
654,2023-03-15 21:36:21,Incoming,You are going to bed?
655,2023-03-15 21:36:37,Outgoing,Yeah
656,2023-03-15 21:36:50,Incoming,Oya na
657,2023-03-15 21:36:57,Incoming,Whenever u r awake
658,2023-03-15 21:37:02,Incoming,Let me know
659,2023-03-15 21:42:19,Outgoing,You need sum
660,2023-03-15 21:42:32,Incoming,Some sleep
661,2023-03-15 21:42:34,Incoming,?
662,2023-03-15 21:42:40,Incoming,I am night walker
663,2023-03-15 21:43:10,Outgoing,You are
664,2023-03-15 21:43:23,Incoming,ğŸ˜‚ğŸ˜‚ğŸ˜‚
665,2023-03-15 21:44:21,Outgoing,Nah I was asking if you need anything like help
666,2023-03-15 21:44:29,Incoming,Ooo
667,2023-03-15 21:44:37,Incoming,Not yet
668,2023-03-15 21:45:05,Incoming,My applications is just on rejection and waitlist
669,2023-03-15 21:45:07,Incoming,For now
670,2023-03-15 21:45:23,Incoming,More decision I just hope to have one green light
671,2023-03-16 12:50:16,Outgoing,Praying bro
672,2023-03-16 12:52:48,Outgoing,Try to apply to Saint Peterâ€™s university
673,2023-03-16 12:53:01,Outgoing,My friend got a full ride some years ago
674,2023-03-16 13:02:08,Incoming,Wow
675,2023-03-16 20:13:40,Outgoing,yeah
676,2023-03-16 20:23:08,Incoming,Hmm
677,2023-03-16 20:23:15,Incoming,Who that babe
678,2023-03-16 20:23:24,Outgoing,who
679,2023-03-16 20:23:28,Incoming,You r talking with through whats app
680,2023-03-16 20:23:32,Incoming,ğŸ˜‚
681,2023-03-16 20:23:43,Outgoing,There's none
682,2023-03-16 20:23:46,Incoming,You that don't like WhatsApp
683,2023-03-16 20:23:49,Incoming,ğŸ˜‚
684,2023-03-16 20:24:12,Outgoing,I finally installed it on my laptop. am in a group chat so Iâ€™m more active
685,2023-03-16 20:24:41,Incoming,Okay
686,2023-03-16 21:24:10,Outgoing,what about your girl? how's she
687,2023-03-16 22:51:16,Incoming,Which girl
688,2023-03-17 19:36:37,Outgoing,Just joking bro
689,2023-03-29 02:29:49,Incoming,Happy birthday
690,2023-03-29 02:29:52,Incoming,Cousin
691,2023-03-29 13:01:19,Incoming,â€Missed video call
692,2023-04-01 06:04:37,Outgoing,Ah shit thanks you
693,2023-04-01 06:04:53,Outgoing,Soory i missed your call
694,2023-04-01 06:09:41,Incoming,Is fine
695,2023-04-09 10:29:53,Outgoing,Happy Easter
696,2023-04-09 11:32:53,Incoming,ğŸ™ğŸ½
697,2023-04-10 15:47:55,Incoming,Gozie
698,2023-05-07 14:24:39,Incoming,Bro
699,2023-05-07 14:25:42,Incoming,â€Missed video call
700,2023-05-10 18:27:01,Incoming,Bro
701,2023-05-10 18:27:13,Incoming,â€Missed voice call
702,2023-05-11 06:07:30,Incoming,What do you think
703,2023-05-23 23:10:39,Incoming,â€Missed voice call
704,2023-05-23 23:10:47,Incoming,â€Missed voice call
705,2023-05-24 14:09:49,Outgoing,You asleep?
706,2023-05-24 14:42:12,Incoming,Qatar wifi is horrible
707,2023-05-24 14:43:08,Incoming,ğŸ¥²ğŸ¥²ğŸ¥²
708,2023-05-24 14:43:23,Outgoing,Ok no problem
709,2023-05-24 15:13:40,Incoming,Ok
710,2023-05-24 15:13:45,Incoming,Texting now
711,2023-05-24 15:13:45,Incoming,Wow
712,2023-05-24 15:13:46,Incoming,You go a job
713,2023-05-24 15:13:47,Incoming,So happy for you bro
714,2023-05-24 15:14:09,Outgoing,Thanks fam
715,2023-05-24 15:20:23,Incoming,ğŸ™ğŸ½ğŸ™ğŸ½ğŸ™ğŸ½
716,2023-05-24 15:20:31,Incoming,The network is bad here
717,2023-05-24 15:20:33,Outgoing,your wifi is trash ğŸ¤£ğŸ¤£ğŸ¤£
718,2023-05-24 15:20:41,Incoming,ğŸ™ˆğŸ™ˆğŸ™ˆğŸ™ˆ
719,2023-06-01 13:13:50,Incoming,â€Missed voice call
720,2023-06-01 13:13:51,Outgoing,"Sorry, I can't talk right now."
721,2023-06-01 13:13:54,Incoming,Bro
722,2023-06-01 13:14:07,Incoming,Where are you
723,2023-06-01 15:38:20,Incoming,â€Missed voice call
724,2023-06-01 17:44:43,Outgoing,Iâ€™m at work
725,2023-06-07 07:56:19,Incoming,Visa approved
726,2023-06-07 07:57:20,Incoming,â€Missed voice call
727,2023-06-07 08:18:06,Incoming,â€Missed voice call
728,2023-06-07 09:27:30,Incoming,â€Missed voice call
729,2023-06-09 06:02:07,Outgoing,I know you want to be a woman
730,2023-06-09 12:55:50,Incoming,ğŸ˜‚ğŸ˜‚ğŸ˜‚ğŸ˜‚
731,2023-06-09 12:55:54,Incoming,Lmaooo
732,2023-06-10 11:59:19,Incoming,â€Missed video call
733,2023-06-10 11:59:27,Incoming,â€Missed video call
734,2023-06-10 11:59:35,Incoming,ğŸ˜ƒ
735,2023-06-10 11:59:37,Incoming,â€Missed video call
736,2023-06-10 22:11:54,Outgoing,Yo my friends suggests that the first thing you do when you get here is get your green card
737,2023-06-10 23:41:57,Incoming,Step by stepğŸ™ğŸ½
738,2023-06-11 10:42:24,Outgoing,Yessir
739,2023-06-11 14:11:15,Incoming,â€Missed voice call
740,2023-06-11 18:30:33,Outgoing,https //www.youtube.com/watch?v=G8csJtDwjzk&list=PL8dPuuaLjXtNxrUcgYGmPneX1PTStLDQx&pp=iAQB
741,2023-06-11 18:51:27,Outgoing,https //www.expedia.com/Nashville-Hotels-Hotel-Avery-Nashville.h58178106.Hotel-Information?chkin=2023-06-25&chkout=2023-06-26&x_pwa=1&rfrr=HSR&pwa_ts=1686527421540&referrerUrl=aHR0cHM6Ly93d3cuZXhwZWRpYS5jb20vSG90ZWwtU2VhcmNo&useRewards=false&rm1=a2&regionId=178291&destination=Nashville%20(and%20vicinity)%2C%20Tennessee%2C%20United%20States%20of%20America&destType=MARKET&neighborhoodId=78552&latLong=36.16374%2C-86.78289&sort=RECOMMENDED&top_dp=89&top_cur=USD&semdtl=a111798315276.b1115504098195.g1kwd-58555181.e1c.m1CjwKCAjw4ZWkBhA4EiwAVJXwqamdXeCHpAvXE8HR_xeC6M0X3reGgPDmmWx6DGCWioKZRt83GXO_SxoCncEQAvD_BwE.r128821d6b3f009e84d36f5fc5e1ec7e6bc63540387206f36cbe92be2166dbb8d1.c1.j19028226.k1.d1618836512030.h1e.i1.l1.n1.o1.p1.q1.s1.t1.x1.f1.u1.v1.w1&semcid=US.UB.GOOGLE.DT-c-EN.HOTEL&gclid=CjwKCAjw4ZWkBhA4EiwAVJXwqamdXeCHpAvXE8HR_xeC6M0X3reGgPDmmWx6DGCWioKZRt83GXO_SxoCncEQAvD_BwE&userIntent=&selectedRoomType=322371931&selectedRatePlan=390917600
742,2023-06-15 10:05:20,Outgoing,Yo I canâ€™t come the 31st
743,2023-06-15 10:29:03,Incoming,Shit
744,2023-06-15 10:30:48,Incoming,Wat Dat 1st August
745,2023-06-15 10:33:07,Incoming,ğŸ¥²ğŸ¥²ğŸ¥²
746,2023-06-15 10:33:17,Incoming,So I am not seeing u
747,2023-06-15 10:33:21,Incoming,Again
748,2023-06-15 10:33:47,Outgoing,You will but Iâ€™m just going come for 3 days and stay in your air bnb
749,2023-06-15 10:37:04,Incoming,Okay o
750,2023-06-15 13:41:49,Incoming,I got my passport back from the US embassy
751,2023-06-15 13:41:57,Incoming,With my visa
752,2023-06-15 14:29:31,Outgoing,Nice nice
753,2023-06-18 11:44:38,Incoming,â€Missed video call
754,2023-06-18 11:44:50,Incoming,â€Missed video call
755,2023-06-18 11:45:01,Incoming,Yo
756,2023-06-19 17:40:11,Incoming,â€Missed voice call
757,2023-06-20 16:22:55,Incoming,â€Missed voice call
758,2023-06-22 13:59:09,Incoming,+1 (347) 635-3917
759,2023-06-22 13:59:25,Outgoing,Whatâ€™s up?
760,2023-06-22 13:59:29,Incoming,Call this number and tell him your friend Enenta
761,2023-06-22 13:59:36,Incoming,Wants to talk
762,2023-06-22 13:59:57,Outgoing,Who is this
763,2023-06-22 14:00:08,Incoming,My high school friend
764,2023-06-22 14:00:13,Incoming,â€Missed voice call
765,2023-06-22 14:03:30,Incoming,He stays in New York
766,2023-06-22 14:05:19,Incoming,â€Missed voice call
767,2023-06-22 14:55:55,Incoming,zolve.com/scholarship
768,2023-06-22 14:56:05,Incoming,Check this link
769,2023-06-22 14:56:15,Incoming,Sign up for me please
770,2023-06-22 14:56:23,Incoming,enenta0000@gmail.com as my email
771,2023-06-22 14:56:34,Incoming,Ilovechinedu@1 as my password
772,2023-06-22 14:57:38,Incoming,â€Missed voice call
773,2023-06-22 18:00:15,Incoming,â€Missed voice call
774,2023-06-22 18:39:58,Incoming,My mum is here
775,2023-06-22 18:40:07,Incoming,I can't be talking about girls
776,2023-06-22 18:41:37,Incoming,How old are you
777,2023-06-22 18:41:48,Incoming,22?
778,2023-06-22 19:08:36,Outgoing,23
779,2023-06-22 19:09:22,Incoming,And the girl u like is 23
780,2023-06-22 19:09:24,Incoming,Wahala
781,2023-06-23 04:15:33,Incoming,â€Missed voice call
782,2023-06-23 07:22:55,Incoming,Yo
783,2023-06-23 07:23:00,Incoming,I was sleeping
784,2023-06-23 07:23:05,Incoming,Didn't see your call
785,2023-06-23 07:36:07,Incoming,Is there ASUS company in Texas?
786,2023-06-23 08:22:04,Incoming,â€Missed voice call
787,2023-06-23 12:24:02,Incoming,https //www.asus.com/laptops/for-gaming/all-series/filter?Spec=194952
788,2023-06-23 12:31:27,Incoming,This
789,2023-06-23 12:31:55,Incoming,bestbuy.com
790,2023-06-23 12:32:29,Outgoing,https //www.bestbuy.com/site/asus-rog-zephyrus-14-165hz-gaming-laptop-qhd-amd-ryzen-9-7940hs-with-16gb-ram-nvidia-geforce-rtx-4080-1tb-ssd/6544089.p?acampID=0&cmp=RMX&loc=Hatch&ref=198&refdomain=asus.com&skuId=6544089
791,2023-06-23 12:41:42,Outgoing,https //shop.asus.com/us/rog/90nr0dh3-m00240-rog-zephyrus-g14-2023.html
792,2023-06-23 12:42:22,Outgoing,https //www.excaliberpc.com/789573/asus-rog-zephyrus-g14-ga402xz-cs94.html
793,2023-06-23 12:45:39,Incoming,Ok
794,2023-06-23 12:45:41,Incoming,Checking
795,2023-07-01 13:05:14,Incoming,â€Missed video call
796,2023-07-02 15:01:25,Incoming,â€Missed video call
797,2023-07-08 19:27:34,Outgoing,When did you book the airbnb and when is your move in date?
798,2023-07-08 23:21:08,Incoming,I haven't booked yet
799,2023-07-09 02:54:42,Incoming,â€Missed voice call
800,2023-07-15 20:08:44,Incoming,Bro
801,2023-07-15 20:31:05,Outgoing,Iâ€™m not hearing you
802,2023-07-15 20:32:50,Incoming,Check your phone
803,2023-07-15 20:32:55,Incoming,ğŸ¤”
804,2023-07-15 20:33:43,Outgoing,Let me restart my phone
805,2023-07-15 20:34:15,Incoming,Yea
806,2023-07-17 14:02:05,Incoming,â€Missed group voice call
807,2023-07-17 19:10:54,Incoming,â€Missed group voice call
808,2023-07-20 13:03:47,Incoming,â€Missed voice call
809,2023-07-21 01:37:56,Incoming,Yo
810,2023-07-21 14:53:40,Incoming,â€Missed voice call
811,2023-07-28 16:41:20,Incoming,â€Missed video call
812,2023-07-28 16:59:40,Incoming,â€Missed video call
813,2023-07-28 17:10:52,Incoming,â€Missed voice call
814,2023-07-28 17:44:47,Incoming,â€Missed video call
815,2023-07-30 10:26:00,Incoming,â€Missed video call
816,2023-07-31 19:36:36,Incoming,"Economy Lot B & C, BNA Express Park Passenger Pick-Up"
817,2023-07-31 20:20:08,Outgoing,Whatâ€™s up
818,2023-07-31 20:36:57,Incoming,He told me to wait
819,2023-07-31 20:37:09,Incoming,He will be done with work by 10pm
820,2023-07-31 20:37:39,Outgoing,Ok hang in there
821,2023-07-31 20:37:56,Incoming,Yea
822,2023-08-01 14:27:42,Outgoing,Sup son
823,2023-08-01 14:28:51,Outgoing,Eh hehn
824,2023-08-01 21:13:36,Incoming,ğŸ˜‚ğŸ˜‚ğŸ˜‚
825,2023-08-01 21:13:48,Incoming,ğŸ˜‚ğŸ˜‚ğŸ˜‚
826,2023-08-01 21:20:02,Incoming,Malaria
827,2023-08-01 21:20:10,Incoming,Typhoid
828,2023-08-01 21:20:15,Incoming,Fever
829,2023-08-02 00:55:28,Incoming,Bro
830,2023-08-02 00:55:33,Incoming,Which airline
831,2023-08-02 00:55:52,Incoming,Are you using to come to Nashville
832,2023-08-02 00:55:53,Incoming,?
833,2023-08-02 06:25:26,Outgoing,Delta
834,2023-08-02 06:25:38,Incoming,Okay
835,2023-08-02 08:17:31,Outgoing,Truth
836,2023-08-02 08:18:59,Incoming,ğŸ˜‚ğŸ˜‚ğŸ˜‚ğŸ˜‚
837,2023-08-02 09:45:29,Outgoing,So whatâ€™s going to be your minor in school ?
838,2023-08-02 09:46:34,Incoming,Computer science
839,2023-08-02 09:46:47,Outgoing,Whatâ€™s your major
840,2023-08-02 09:48:53,Incoming,Biochemistry
841,2023-08-02 09:49:32,Outgoing,Ok
842,2023-08-02 16:20:45,Incoming,I can't wait to see you
843,2023-08-02 16:21:04,Incoming,When I see you. I will truly believe I am in US
844,2023-08-02 16:50:44,Outgoing,Hell yeah bro
845,2023-08-02 16:51:23,Outgoing,I'm about to start packing ğŸ˜
846,2023-08-02 16:51:32,Incoming,Sharp
847,2023-08-02 16:51:51,Outgoing,It's kinda sad we won't be there for long at all though
848,2023-08-02 16:52:10,Outgoing,But still better than nothing
849,2023-08-02 16:53:12,Incoming,Yea
850,2023-08-03 17:48:07,Incoming,Arrived?
851,2023-08-03 20:29:47,Outgoing,Just landed
852,2023-08-03 20:31:46,Incoming,Sharp
853,2023-08-03 21:05:17,Outgoing,"1215 2nd Avenue South, Nashville, TN 37210"
854,2023-08-03 21:06:36,Incoming,ğŸ˜‚ğŸ˜‚ğŸ˜‚
855,2023-08-03 21:06:47,Incoming,Gozie please
856,2023-08-03 21:06:49,Incoming,Na
857,2023-08-03 21:07:00,Incoming,I'm sick
858,2023-08-03 21:07:06,Incoming,Help me na
859,2023-08-03 21:09:26,Outgoing,I told you the plan bro
860,2023-08-03 21:09:46,Outgoing,I Can order a ride for you
861,2023-08-03 21:12:44,Incoming,I av alot of luggages
862,2023-08-03 21:12:52,Outgoing,Ok
863,2023-08-03 21:12:58,Incoming,Oya I will pay
864,2023-08-03 21:13:10,Incoming,Please just help meğŸ™ğŸ½
865,2023-08-03 21:16:32,Incoming,Nicholas s Zeppos college
866,2023-08-05 12:02:54,Incoming,ğŸ˜‚
867,2023-08-05 12:04:13,Incoming,You have been assigned to New Livingston Roo. 227
868,2023-08-05 14:17:39,Incoming,Where are you guys?
869,2023-08-05 14:17:54,Outgoing,Eating
870,2023-08-05 14:19:10,Incoming,ğŸ¥²ğŸ¥²ğŸ¥²
871,2023-08-05 14:27:54,Outgoing,Wyd ?? â€<This message was edited>
872,2023-08-05 14:30:58,Incoming,I'm hungry man
873,2023-08-05 14:39:15,Incoming,Almost done???
874,2023-08-05 14:39:48,Outgoing,?
875,2023-08-05 14:41:20,Incoming,Still on the line
876,2023-08-05 14:41:21,Incoming,2 ppl are infront of me
877,2023-08-05 14:41:27,Incoming,I will soon be done
878,2023-08-05 14:47:39,Incoming,Are you guys done with eating?
879,2023-08-05 14:57:21,Incoming,My turn
880,2023-08-05 18:10:32,Incoming,â€Missed voice call
881,2023-08-06 02:00:55,Incoming,â€Missed voice call
882,2023-08-06 15:43:40,Incoming,Gozie
883,2023-08-06 15:43:45,Incoming,â€Missed voice call
884,2023-08-06 15:48:42,Incoming,Can you help me order cab
885,2023-08-06 15:48:44,Incoming,?
886,2023-08-06 15:48:47,Incoming,â€Missed voice call
887,2023-08-06 15:48:52,Incoming,â€Missed voice call
888,2023-08-06 15:48:57,Incoming,â€Missed voice call
889,2023-08-06 17:25:30,Incoming,â€Missed voice call
890,2023-08-06 17:26:50,Incoming,â€Missed voice call
891,2023-08-06 17:27:02,Incoming,â€Missed voice call
892,2023-08-06 17:27:09,Incoming,â€Missed voice call
893,2023-08-06 17:41:35,Incoming,â€Missed voice call
894,2023-08-06 18:13:30,Incoming,â€Missed voice call
895,2023-08-07 12:28:51,Incoming,6700 Cabot Dr. Apt D22
896,2023-08-07 12:28:56,Incoming,To
897,2023-08-07 12:29:34,Incoming,"1633 Jackson St, Nashville, TN 37208-3044, US"
898,2023-08-07 12:30:13,Incoming,â€Missed voice call
899,2023-08-07 12:50:32,Outgoing,just go start looking for the guy
900,2023-08-07 12:55:30,Incoming,I'm in
901,2023-08-07 12:56:10,Incoming,Old man driving
902,2023-08-07 12:59:25,Outgoing,Good so you sholdn't be too scared of a kidnapping
903,2023-08-07 12:59:54,Outgoing,Make sure to check behind you for somebody hiding with a knife
904,2023-08-07 13:11:14,Incoming,ğŸ˜‚ğŸ˜‚ğŸ˜‚
905,2023-08-07 13:11:21,Incoming,I just did that
906,2023-08-07 13:11:32,Incoming,I am not comfortable in the car tbh
907,2023-08-09 08:29:20,Incoming,Gozie
908,2023-08-09 08:29:23,Incoming,Please
909,2023-08-09 08:29:50,Incoming,Can you help me
910,2023-08-09 08:29:57,Incoming,Book a cab to oko market place by 11 30am
911,2023-08-09 08:36:21,Incoming,ğŸ™ğŸ½
912,2023-08-09 11:52:04,Outgoing,Where are you getting picked up from
913,2023-08-09 11:53:19,Outgoing,Show me on the map
914,2023-08-09 11:53:43,Outgoing,Bruh wow
915,2023-08-09 11:53:55,Outgoing,Just sell dat ting give me the money
916,2023-08-09 11:56:57,Incoming,ğŸ˜‚
917,2023-08-09 11:57:19,Incoming,"1633 Jackson St, Nashville, TN 37208-3044, US"
918,2023-08-09 11:57:30,Incoming,To Eko market place
919,2023-08-09 11:57:44,Incoming,ğŸ™ğŸ½
920,2023-08-09 11:58:30,Outgoing,Show me on the map
921,2023-08-09 11:58:41,Incoming,My Google map
922,2023-08-09 12:03:42,Incoming,Done?
923,2023-08-09 12:10:32,Incoming,"486 Bell Rd, Nashville, TN 37217"
924,2023-08-09 12:14:24,Outgoing,Dropped Pin
925,2023-08-09 13:01:47,Incoming,â€Missed voice call
926,2023-08-09 13:02:53,Incoming,Gozie
927,2023-08-09 13:02:59,Outgoing,Whatâ€™s up?
928,2023-08-09 13:03:03,Incoming,I av got the rice
929,2023-08-09 13:03:05,Incoming,â€Missed voice call
930,2023-08-09 13:03:15,Incoming,Please can you help me
931,2023-08-09 13:03:24,Incoming,Get a cab take me back home
932,2023-08-09 13:04:33,Outgoing,Show me the spot on the map you want to be picked up from
933,2023-08-09 13:05:17,Incoming,Is just dsame
934,2023-08-09 13:05:27,Incoming,The spot you drop me off
935,2023-08-09 13:05:49,Incoming,You get?
936,2023-08-09 13:08:14,Incoming,ğŸ™‚
937,2023-08-09 13:10:05,Incoming,â€Missed voice call
938,2023-08-09 13:13:42,Outgoing,You see it?
939,2023-08-09 13:13:45,Incoming,Seen thanks
940,2023-08-10 01:15:02,Incoming,Can I waybill a TV?
941,2023-08-10 11:19:31,Outgoing,Whatâ€™s way bill?
942,2023-08-10 11:21:02,Incoming,Like I sending electronic to another place
943,2023-08-10 13:51:41,Outgoing,Not sure.. I havenâ€™t used it. Where do you want to send it
944,2023-08-10 14:16:29,Outgoing,Itâ€™s true. You can get paid alot
945,2023-08-10 14:21:22,Incoming,My tvğŸ˜‚
946,2023-08-10 14:21:39,Outgoing,Where fool
947,2023-08-10 14:22:05,Incoming,To your house
948,2023-08-10 14:22:34,Outgoing,For dash?
949,2023-08-10 14:23:03,Incoming,ğŸ˜‚ğŸ˜‚ğŸ˜‚
950,2023-08-11 19:28:06,Incoming,$chinedumark
951,2023-08-11 19:43:04,Incoming,Thank you
952,2023-08-11 19:43:05,Incoming,Boss
953,2023-08-11 22:46:56,Incoming,I went for shopping
954,2023-08-11 22:47:06,Incoming,It took me 200 dollarsğŸ¥²ğŸ¥²ğŸ¥²ğŸ˜­ğŸ˜­ğŸ˜­ğŸ˜­
955,2023-08-11 22:47:17,Incoming,To buy important things
956,2023-08-11 22:47:20,Outgoing,ğŸ’€
957,2023-08-11 22:47:22,Incoming,I want to die
958,2023-08-11 22:47:28,Outgoing,Thatâ€™s fair
959,2023-08-11 22:47:39,Incoming,Bro I am broke
960,2023-08-11 22:47:45,Outgoing,If you bought everything you need thatâ€™s a good deal
961,2023-08-11 22:47:51,Incoming,Yea
962,2023-08-11 22:47:58,Incoming,For school
963,2023-08-11 22:48:18,Outgoing,You got blankets and pillows and what else
964,2023-08-11 22:48:25,Incoming,Water
965,2023-08-11 22:48:33,Incoming,The water here is rubbish
966,2023-08-11 22:48:43,Incoming,Snacks
967,2023-08-11 22:48:47,Incoming,To eat
968,2023-08-11 22:48:57,Incoming,Bro I have one more thing for your mum
969,2023-08-11 22:49:06,Incoming,Is now I am seeing it in my box
970,2023-08-11 22:49:07,Incoming,Kai
971,2023-08-11 22:49:18,Incoming,When I come to Texas I will give it to her
972,2023-08-12 22:30:40,Outgoing,Alright no problem
973,2023-08-12 22:32:59,Incoming,Wat are you doing now?
974,2023-08-12 22:35:58,Outgoing,Iâ€™m just in my room. Thinking about making food wby
975,2023-08-12 22:39:13,Incoming,In my room
976,2023-08-12 22:39:18,Incoming,Doing nothing
977,2023-08-14 13:05:11,Incoming,â€Missed video call
978,2023-08-14 13:05:12,Outgoing,sorry i canâ€™t pick up right now
979,2023-08-14 13:05:31,Incoming,Ok
980,2023-08-15 21:34:48,Incoming,â€Missed voice call
981,2023-08-15 22:43:44,Incoming,Bro
982,2023-08-15 22:44:00,Incoming,I need a calculus 1 text book
983,2023-08-15 22:44:07,Incoming,I dey die here
984,2023-08-15 22:46:56,Incoming,â€Missed voice call
985,2023-08-16 11:51:15,Outgoing,Libgen
986,2023-08-16 11:51:20,Outgoing,Search on google
987,2023-08-16 12:01:04,Outgoing,https //cloudflare-ipfs.com/ipfs/bafykbzacebjtwbstdzsclsdo2h5a2g3tqziyyus3e3vck7qe7w2yinrwmwcgu?filename=James%20Stewart%2C%20Daniel%20K.%20Clegg%2C%20Saleem%20Watson%2C%20Lothar%20Redlin%20-%20Calculus_%20Early%20Transcendentals.%209e-Cengage%20Learning%20%282020%29.pdf
988,2023-08-16 12:14:59,Incoming,Ok
989,2023-08-18 22:24:01,Incoming,â€Missed video call
990,2023-08-18 22:33:12,Outgoing,+1 (512) 713-4457
991,2023-08-18 22:43:38,Incoming,I called him
992,2023-08-18 22:43:55,Incoming,ğŸ˜‚ğŸ˜‚ğŸ˜‚ u didn't invite him to a trip to Nashville
993,2023-08-18 22:43:57,Incoming,Yyyy
994,2023-08-19 18:05:30,Outgoing,I didn't think to
995,2023-08-19 18:14:58,Incoming,ğŸ¥²ğŸ¥²ğŸ¥²ğŸ¥²
996,2023-08-19 18:17:30,Outgoing,how far
997,2023-08-19 18:17:31,Outgoing,omo
998,2023-08-19 18:26:36,Incoming,I dey chairman
999,2023-08-19 18:26:38,Incoming,N u?
1000,2023-08-19 18:37:23,Outgoing,Iâ€™m well bro just trying to grow my brain you know
1001,2023-08-19 18:37:41,Incoming,ğŸ¤ŸğŸ¾ğŸ˜‚
1002,2023-08-19 18:37:42,Outgoing,Checkout this website
1003,2023-08-19 18:37:47,Incoming,Grow am well
1004,2023-08-19 18:37:52,Outgoing,Neetcode.io
1005,2023-08-19 18:38:23,Outgoing,Practice the problems small small and it will be easier to get that tech internship your profesor was talking about
1006,2023-08-19 18:38:34,Incoming,Ok
1007,2023-08-19 18:38:47,Outgoing,Iâ€™ve been practicing them also bcuz companies use this to decide who to hire
1008,2023-08-19 18:38:59,Incoming,Wow
1009,2023-08-19 18:39:04,Incoming,Interesting
1010,2023-08-19 18:39:11,Outgoing,ğŸ‘
1011,2023-08-19 18:40:08,Incoming,Im checking it
1012,2023-08-19 18:40:11,Incoming,Is mad
1013,2023-08-19 19:08:26,Outgoing,Yeah it will make your CS classes easier too. Let me know if you ever need help studying
1014,2023-08-19 19:09:13,Incoming,Okay
1015,2023-08-19 19:09:24,Incoming,I need help in calculus 1
1016,2023-08-19 19:09:32,Incoming,And composition 1
1017,2023-08-19 19:09:34,Incoming,As well
1018,2023-08-19 19:09:36,Incoming,ğŸ¤²ğŸ¾ğŸ¤²ğŸ¾ğŸ¤²ğŸ¾
1019,2023-08-19 19:09:43,Outgoing,Sure
1020,2023-08-19 19:11:30,Incoming,Sharp
1021,2023-08-19 19:11:34,Incoming,ğŸ¤ŸğŸ¾ğŸ¤ŸğŸ¾ğŸ¤ŸğŸ¾ğŸ¤ŸğŸ¾
1022,2023-08-19 19:11:41,Incoming,When I get homework
1023,2023-08-19 19:11:48,Incoming,I'm coming to you
1024,2023-08-19 19:12:12,Incoming,I must get a perfect GPA
1025,2023-08-21 19:20:50,Outgoing,You can do it bro
1026,2023-08-21 19:24:10,Incoming,ğŸ¤²ğŸ¾ğŸ¤²ğŸ¾ğŸ¤²ğŸ¾
1027,2023-08-22 16:01:53,Incoming,gozie I need help in my calculus 1 assignment
1028,2023-08-22 16:02:46,Incoming,the deadline is tomorrow 11pm
1029,2023-08-22 17:51:42,Outgoing,Do you need help with a specific problem
1030,2023-08-22 18:19:00,Incoming,Yea
1031,2023-08-24 09:29:49,Outgoing,Ok show me later
1032,2023-08-24 09:53:58,Incoming,Ok
1033,2023-08-24 17:25:08,Incoming,â€Missed video call
1034,2023-08-25 20:15:14,Incoming,somtoes
1035,2023-08-25 20:15:50,Outgoing,https //cash.app/$gozieo
1036,2023-08-26 00:14:00,Incoming,Thank you so much
1037,2023-08-26 00:14:03,Incoming,Gozie
1038,2023-08-28 15:51:33,Incoming,Bro
1039,2023-08-28 15:51:47,Incoming,Howfar
1040,2023-08-28 15:52:03,Incoming,I get computer science project
1041,2023-08-28 15:52:11,Incoming,Way due on sunday
1042,2023-08-28 15:52:20,Incoming,Giving me hard times
1043,2023-08-28 15:52:20,Outgoing,I think Iâ€™m sick
1044,2023-08-28 15:52:33,Incoming,Aha
1045,2023-08-28 15:52:38,Incoming,Wats wrong
1046,2023-08-28 16:07:27,Incoming,sorry gozie
1047,2023-08-28 16:07:35,Incoming,get well soon
1048,2023-08-28 17:00:14,Outgoing,Ok maybe I can look later tonight
1049,2023-08-28 17:00:43,Outgoing,Whatâ€™s giving you a hard time exactly. Iâ€™m not sure whatâ€™s wrong. My bodyâ€™s just weak
1050,2023-08-28 17:35:42,Incoming,Aha
1051,2023-08-28 22:21:40,Incoming,â€This message was deleted.
1052,2023-08-28 22:22:13,Outgoing,A survey
1053,2023-08-28 22:22:20,Incoming,yea
1054,2023-08-28 22:22:23,Incoming,mistake
1055,2023-08-28 22:22:33,Incoming,are you feeling better?
1056,2023-08-28 22:27:44,Incoming,https //www.codewars.com/join?language=javascript
1057,2023-08-28 22:27:58,Incoming,do you know this site?
1058,2023-08-29 15:47:35,Incoming,Are you feeling better now?
1059,2023-08-29 19:51:50,Outgoing,Yeah definitely a bit better
1060,2023-08-29 19:52:16,Outgoing,Not sure I have. What are you guys using it for
1061,2023-08-29 20:03:28,Outgoing,I just signed up. Looks fun
1062,2023-08-29 20:21:16,Incoming,A friend of mine
1063,2023-08-29 20:21:20,Incoming,Gave me
1064,2023-08-29 21:37:29,Outgoing,yo
1065,2023-08-29 21:37:52,Outgoing,yooo
1066,2023-08-29 21:42:02,Incoming,ğŸ™‚ğŸ™‚ğŸ™‚
1067,2023-08-29 21:45:58,Outgoing,bro i'm ringing you
1068,2023-08-30 20:40:56,Incoming,â€Missed voice call
1069,2023-08-30 20:41:09,Incoming,Howfar
1070,2023-08-30 20:41:34,Outgoing,Iâ€™m cool just in the gym wby
1071,2023-08-30 20:41:45,Incoming,â€Missed voice call
1072,2023-08-30 20:42:26,Incoming,I need help
1073,2023-08-30 20:42:31,Incoming,In this application stuff
1074,2023-08-30 20:42:34,Incoming,ğŸ¥²ğŸ¥²ğŸ¥²
1075,2023-08-31 10:50:19,Outgoing,you finish the application?
1076,2023-08-31 10:59:21,Incoming,Yes
1077,2023-09-01 19:32:53,Incoming,â€Missed video call
1078,2023-09-01 19:34:38,Incoming,â€Missed video call
1079,2023-09-02 23:13:03,Incoming,â€Missed video call
1080,2023-09-03 01:22:51,Incoming,How many programming languages you know
1081,2023-09-03 01:23:00,Incoming,And how did you practice for them
1082,2023-09-03 01:32:47,Incoming,Where do you run you python codes??
1083,2023-09-03 01:32:54,Incoming,Do you have any? â€<This message was edited>
1084,2023-09-03 11:00:22,Outgoing,I guess Iâ€™ll say I know 3
1085,2023-09-03 11:00:51,Outgoing,Best way to practice them is to build projects. Start with YouTube tutorial projects
1086,2023-09-03 11:01:10,Outgoing,I use vscode or pycharm
1087,2023-09-03 11:39:33,Incoming,Ok
1088,2023-09-03 12:09:10,Outgoing,https //replit.com/
1089,2023-09-03 12:09:26,Outgoing,this website is great for running code without having to download anything
1090,2023-09-03 14:59:35,Incoming,Gozie how can I sell my tv
1091,2023-09-03 15:03:50,Outgoing,Facebook marketplace
1092,2023-09-03 15:04:01,Outgoing,Or maybe Amazon would allow you to sell it
1093,2023-09-03 15:05:56,Incoming,ğŸ¤”
1094,2023-09-03 21:33:45,Incoming,"print(""H"")"
1095,2023-09-03 21:34:12,Outgoing,Word = â€œhelloâ€
1096,2023-09-03 21:35:45,Outgoing,Print (Word[0
1097,2023-09-03 21:36:26,Outgoing,For letter in Word
1098,2023-09-03 21:36:40,Outgoing,h
1099,2023-09-03 21:36:44,Outgoing,e
1100,2023-09-03 21:36:45,Outgoing,L
1101,2023-09-03 21:36:47,Outgoing,L
1102,2023-09-03 21:36:48,Outgoing,O â€<This message was edited>
1103,2023-09-03 21:38:27,Incoming,num = int(input(even and odd)) â€<This message was edited>
1104,2023-09-03 21:39:48,Outgoing,num = int(input(â€œgive me a number and Iâ€™ll tell you if itâ€™s oddâ€))
1105,2023-09-03 21:40:54,Outgoing,If num % 2 == 0
1106,2023-09-04 09:56:56,Outgoing,"My friend, what's good"
1107,2023-09-04 09:57:10,Outgoing,you straight?
1108,2023-09-04 10:56:25,Incoming,Nothing
1109,2023-09-04 10:56:29,Incoming,Yes n u
1110,2023-09-04 10:57:10,Outgoing,Iâ€™m fine
1111,2023-09-04 10:57:29,Outgoing,Wanted to see if you guys asked your uncle for that money ğŸ’µ
1112,2023-09-04 10:59:01,Incoming,Yea
1113,2023-09-04 10:59:19,Incoming,Well he sent it
1114,2023-09-04 10:59:45,Incoming,Buh it will take 14 days before it will get to my account
1115,2023-09-04 11:30:33,Outgoing,Alright how much is he sending?
1116,2023-09-04 11:31:20,Incoming,I don't know to tbh
1117,2023-09-04 11:31:49,Outgoing,Alright Iâ€™ll ask again in two weeks
1118,2023-09-04 11:31:56,Outgoing,Whatâ€™s your plans for today?
1119,2023-09-04 11:33:04,Incoming,No plans
1120,2023-09-04 11:33:09,Incoming,Labour day
1121,2023-09-04 11:34:05,Outgoing,Ok take some pictures of that tv and get some pictures of it online and post to Facebook marketplace
1122,2023-09-04 11:35:01,Incoming,Ok
1123,2023-09-04 11:35:42,Outgoing,Call me when youâ€™ve hit the pictures. Are you in your dorm ?
1124,2023-09-04 11:35:51,Incoming,Yea
1125,2023-09-04 11:36:10,Incoming,If I do
1126,2023-09-04 11:36:16,Incoming,I do send it to you
1127,2023-09-04 11:36:20,Incoming,Right?
1128,2023-09-04 11:45:20,Outgoing,What do you mean
1129,2023-09-04 11:48:25,Incoming,Like the pictures of the tv
1130,2023-09-04 11:49:50,Outgoing,Nah donâ€™t send them to me. Just call so I can walk you through posting them on Facebook
1131,2023-09-04 11:50:32,Incoming,I don't have a face book account
1132,2023-09-04 11:50:40,Outgoing,Jesus
1133,2023-09-04 11:50:54,Outgoing,Ok go and make one ğŸ˜‚
1134,2023-09-04 12:03:23,Incoming,Omo
1135,2023-09-07 15:24:53,Incoming,ğŸ˜‚ğŸ˜‚ğŸ˜‚
1136,2023-09-07 16:01:30,Outgoing,?
1137,2023-09-07 16:43:22,Incoming,How are you
1138,2023-09-07 17:02:19,Outgoing,Iâ€™m well wby
1139,2023-09-07 17:18:22,Incoming,Good to here
1140,2023-09-07 17:44:02,Outgoing,Wby
1141,2023-09-07 17:59:14,Incoming,Horrible
1142,2023-09-08 05:58:06,Outgoing,Why
1143,2023-09-08 05:58:15,Outgoing,Guy you donâ€™t sleep
1144,2023-09-08 07:04:16,Incoming,ğŸ˜ªğŸ˜ªğŸ˜ª
1145,2023-09-09 09:11:24,Incoming,â€Missed voice call
1146,2023-09-09 09:11:37,Incoming,Hey gozie
1147,2023-09-09 09:11:44,Incoming,I need your help
1148,2023-09-09 09:11:54,Incoming,On my computer science project
1149,2023-09-09 09:12:50,Incoming,My computer teacher is angry
1150,2023-09-09 09:14:11,Incoming,I used chatgpt and a friend idea
1151,2023-09-09 14:23:43,Incoming,Hand_value +=card_rank
1152,2023-09-09 17:46:56,Incoming,hand_value = 0
1153,2023-09-09 18:25:42,Incoming,â€Missed voice call
1154,2023-09-09 18:52:40,Incoming,â€Missed voice call
1155,2023-09-09 21:59:57,Incoming,â€Missed voice call
1156,2023-09-10 00:49:53,Incoming,â€Missed voice call
1157,2023-09-10 12:31:38,Outgoing,looks good to me
1158,2023-09-10 12:42:29,Incoming,while hand_value < 17
1159,2023-09-10 21:07:43,Incoming,â€Missed voice call
1160,2023-09-10 23:03:53,Outgoing,Sup
1161,2023-09-11 10:44:21,Incoming,Good and you...I will soon pay your 800 dollars â€<This message was edited>
1162,2023-09-11 10:44:22,Incoming,Gozie I want to learn python ğŸ˜ªğŸ˜ªğŸ˜ª
1163,2023-09-11 10:45:16,Incoming,My classmates are wicked
1164,2023-09-11 10:45:21,Incoming,Very wicked
1165,2023-09-11 10:45:29,Incoming,I need to learn on my own
1166,2023-09-11 10:45:32,Incoming,ğŸ˜ªğŸ˜ªğŸ˜ª
1167,2023-09-11 10:45:40,Incoming,I need to know to think
1168,2023-09-11 10:45:45,Outgoing,How
1169,2023-09-11 10:46:01,Incoming,Like they didn't help me
1170,2023-09-11 10:46:21,Incoming,I was able to solve that project
1171,2023-09-11 10:46:24,Incoming,Number 1
1172,2023-09-11 10:46:26,Incoming,Number 2
1173,2023-09-11 10:46:39,Incoming,My code went through
1174,2023-09-11 10:46:50,Incoming,Buh was marked 13/25
1175,2023-09-11 10:47:07,Incoming,Can you help me
1176,2023-09-11 10:47:13,Incoming,With my home work please
1177,2023-09-11 10:47:24,Incoming,It is due 4pm today
1178,2023-09-11 10:47:30,Incoming,Please gozie
1179,2023-09-11 10:47:34,Incoming,Don't say no
1180,2023-09-11 10:47:37,Incoming,Biko
1181,2023-09-11 12:57:13,Outgoing,I have work fam
1182,2023-09-11 13:43:51,Incoming,ğŸ˜ªğŸ˜ªğŸ˜ª
1183,2023-09-12 19:03:27,Outgoing,study time fool
1184,2023-09-12 19:20:58,Incoming,ğŸ˜‚ğŸ˜‚
1185,2023-09-12 19:21:01,Incoming,I was studying
1186,2023-09-12 19:23:52,Outgoing,ok oh
1187,2023-09-12 19:36:57,Outgoing,https //www.youtube.com/watch?v=Czbj_K9LGik&list=PL2VXyKi-KpYsjoY2rx9NiWJyfmmD79H97&index=5
1188,2023-09-13 15:46:00,Incoming,Can you call me
1189,2023-09-13 15:46:04,Incoming,When u r free
1190,2023-09-13 15:46:12,Outgoing,Call back in 15
1191,2023-09-13 15:46:26,Incoming,I will be in class
1192,2023-09-13 15:46:34,Incoming,Call me by 7pm
1193,2023-09-13 15:47:29,Outgoing,Sure if I remember. But if you need me you can call
1194,2023-09-13 15:50:11,Incoming,Okay
1195,2023-09-15 12:54:52,Incoming,The tv is helping me in studying
1196,2023-09-15 16:26:46,Outgoing,how
1197,2023-09-15 16:29:06,Incoming,I cast my laptop
1198,2023-09-15 16:29:29,Outgoing,ok so you use it as a second monitor
1199,2023-09-15 16:29:36,Incoming,Exactly
1200,2023-09-15 16:29:46,Outgoing,I used to do that for some time
1201,2023-09-15 16:33:06,Incoming,You will teach me something
1202,2023-09-15 16:47:48,Outgoing,Is that true?
1203,2023-09-15 17:42:21,Incoming,True in what
1204,2023-09-16 22:39:07,Incoming,Do you have cards like this?
1205,2023-09-16 22:39:37,Outgoing,Looks like a gift cards
1206,2023-09-16 22:39:57,Incoming,Yea
1207,2023-09-16 22:40:02,Incoming,Do you have?
1208,2023-09-16 22:40:20,Incoming,â€Missed voice call
1209,2023-09-17 08:59:06,Outgoing,Yeah I do
1210,2023-09-17 09:34:32,Incoming,F u fit ok
1211,2023-09-17 10:47:42,Outgoing,F u ğŸ˜‚ğŸ˜‚ğŸ˜‚
1212,2023-09-17 12:11:40,Incoming,I was tried
1213,2023-09-17 12:11:47,Incoming,When I sent you that
1214,2023-09-17 12:29:08,Outgoing,Ight
1215,2023-09-17 13:26:57,Incoming,YeağŸ˜‚ğŸ˜‚
1216,2023-09-24 18:46:20,Outgoing,Sanmarcosworks.com
1217,2023-09-24 19:47:50,Incoming,â€Missed voice call
1218,2023-09-24 20:19:30,Incoming,â€Missed voice call
1219,2023-09-24 22:24:04,Incoming,â€Missed voice call
1220,2023-09-25 14:56:24,Incoming,â€Missed voice call
1221,2023-09-25 14:56:54,Incoming,Watsup bro
1222,2023-09-25 14:57:04,Incoming,The interview is in person
1223,2023-09-25 14:57:13,Outgoing,Iâ€™m in a meeting
1224,2023-09-25 14:57:16,Incoming,I told her I have a busy schedule
1225,2023-09-25 14:57:34,Incoming,That I only have 30 mins free
1226,2023-09-25 14:57:45,Incoming,That can I do the interview remotely
1227,2023-09-25 14:57:59,Incoming,She said only in-person
1228,2023-09-25 16:13:46,Outgoing,Ah damn
1229,2023-09-25 16:26:32,Incoming,Look for me part time remote jobs
1230,2023-09-25 16:26:47,Outgoing,Guy look for yourself ğŸ’€
1231,2023-09-25 16:35:14,Incoming,I don't know any
1232,2023-09-25 16:35:16,Incoming,Please
1233,2023-09-25 16:54:09,Outgoing,Canâ€™t make any promises fam
1234,2023-09-25 18:01:27,Incoming,ğŸ˜‚ğŸ˜‚ğŸ˜‚
1235,2023-09-27 06:45:31,Outgoing,Facts
1236,2023-09-27 08:30:13,Incoming,ğŸ˜”
1237,2023-09-27 15:31:13,Outgoing,Cheer up fam
1238,2023-09-27 16:28:54,Incoming,Thank you
1239,2023-09-28 00:30:30,Incoming,Bro
1240,2023-09-28 00:37:11,Outgoing,95909535507
1241,2023-09-28 00:37:18,Outgoing,488247
1242,2023-09-28 01:27:42,Incoming,You want me to fail
1243,2023-09-28 01:27:44,Incoming,Kai
1244,2023-09-28 08:14:40,Outgoing,You finish?
1245,2023-09-28 09:52:30,Incoming,Yes
1246,2023-09-28 13:23:11,Outgoing,Meb â€<This message was edited>
1247,2023-09-28 23:16:50,Incoming,ğŸ˜
1248,2023-10-02 12:23:02,Incoming,â€Missed voice call
1249,2023-10-02 13:22:42,Incoming,â€Missed voice call
1250,2023-10-02 17:16:26,Outgoing,join the link
1251,2023-10-02 17:17:36,Incoming,Joining
1252,2023-10-02 17:57:04,Outgoing,"cover letter  why you want to work for this company. What you know about this company (be sure to mention their mission and how it aligns with your beliefs and goals), how the opportunity will help with your academic and career goals. Include meaningful experience that have and why you think it will lend well to this program. Detail why you are a good candidate for this role."
1253,2023-10-04 20:47:02,Incoming,Thank you
1254,2023-10-04 20:49:14,Outgoing,No problem
1255,2023-10-07 21:50:53,Incoming,â€Missed voice call
1256,2023-10-07 21:52:02,Incoming,â€Missed voice call
1257,2023-10-07 22:32:48,Outgoing,Sup
1258,2023-10-07 22:38:24,Incoming,â€Missed voice call
1259,2023-10-07 22:40:18,Incoming,howfar?
1260,2023-10-07 22:41:20,Outgoing,I Dey
1261,2023-10-07 22:41:24,Outgoing,Just returning your call
1262,2023-10-07 22:41:42,Incoming,can i come to texas
1263,2023-10-07 22:41:51,Outgoing,Wym
1264,2023-10-07 22:41:57,Incoming,for my midterm break
1265,2023-10-07 22:42:35,Outgoing,Why you asking me ğŸ˜‚
1266,2023-10-07 22:42:57,Outgoing,If you have the means sure but you have to ask my mom
1267,2023-10-07 22:43:19,Incoming,omo
1268,2023-10-07 22:45:07,Outgoing,What you thinking
1269,2023-10-07 22:45:30,Incoming,Just come take small rest
1270,2023-10-07 22:45:59,Incoming,If I don't come now...it will be neither Thanksgiving or December break
1271,2023-10-07 22:49:07,Outgoing,Ight well donâ€™t be shy to ask
1272,2023-10-07 22:50:38,Incoming,Don't worry
1273,2023-10-07 22:50:50,Incoming,I will use my break and study
1274,2023-10-07 22:55:52,Outgoing,Alright
1275,2023-10-08 23:38:44,Incoming,Gozie I need money ğŸ˜­ğŸ˜­ğŸ˜­ğŸ˜­..like I'm suffering here
1276,2023-10-09 10:53:16,Outgoing,Do peopleâ€™s homework for money
1277,2023-10-09 11:04:08,Incoming,Lemme work for you na
1278,2023-10-09 11:04:39,Outgoing,Iâ€™m not in school
1279,2023-10-09 11:07:07,Incoming,ğŸ˜‚
1280,2023-10-09 11:07:40,Outgoing,Tell people you will do their math hw
1281,2023-10-09 11:10:12,Incoming,Everybody
1282,2023-10-09 11:10:13,Incoming,Here
1283,2023-10-09 11:10:18,Incoming,Are very smart
1284,2023-10-09 11:21:33,Outgoing,Makes sense
1285,2023-10-09 11:27:15,Incoming,ğŸ˜‚
1286,2023-10-10 12:38:53,Incoming,Bro
1287,2023-10-10 12:39:05,Incoming,What is the name of the company
1288,2023-10-10 12:39:11,Incoming,You are working for
1289,2023-10-10 12:39:40,Incoming,I want to know if there summer internship is open for freshmen
1290,2023-10-10 14:10:01,Outgoing,HEB
1291,2023-10-10 14:14:35,Incoming,I thought
1292,2023-10-10 14:14:39,Incoming,U working ibm
1293,2023-10-10 14:14:42,Incoming,ğŸ™‚
1294,2023-10-11 00:13:23,Incoming,Gozie
1295,2023-10-11 00:13:26,Incoming,â€Missed video call
1296,2023-10-11 00:32:53,Incoming,â€Missed video call
1297,2023-10-11 14:31:08,Outgoing,Nah I wish
1298,2023-10-11 14:33:24,Incoming,Wat happened?
1299,2023-10-11 15:25:40,Outgoing,It seems like you used the money I loaned you to buy a new iPhone
1300,2023-10-11 15:26:18,Incoming,No
1301,2023-10-11 15:26:21,Incoming,Gozie
1302,2023-10-11 15:28:07,Incoming,ğŸ™‚ğŸ™‚ğŸ™‚
1303,2023-10-11 15:28:46,Incoming,Read the message
1304,2023-10-11 15:29:31,Outgoing,He sounds like a good guy
1305,2023-10-11 15:29:50,Incoming,And you said thisğŸ˜ª
1306,2023-10-11 15:31:43,Incoming,Please are you helping meğŸ™ğŸ½
1307,2023-10-12 15:19:42,Incoming,ğŸ˜‚ğŸ˜‚ğŸ˜‚ğŸ˜‚
1308,2023-10-12 15:19:46,Incoming,Gozie
1309,2023-10-12 15:19:50,Incoming,Omo kai
1310,2023-10-12 15:44:19,Outgoing,Hola
1311,2023-10-12 15:44:52,Incoming,No dey speak Spanish to a me that is depressed soul
1312,2023-10-12 15:45:12,Outgoing,Why you depressed
1313,2023-10-12 15:45:45,Outgoing,One day of Struggle = One day closer to success
1314,2023-10-12 15:47:45,Incoming,Im broke the day I will have money ehh
1315,2023-10-12 16:20:51,Outgoing,I get you bro
1316,2023-10-15 23:00:49,Incoming,wat do you think about this resume
1317,2023-10-16 09:04:29,Outgoing,https //sforce.co/3rPApAU
1318,2023-10-16 09:05:37,Outgoing,This should only be one page long at most
1319,2023-10-16 09:08:06,Outgoing,I would remove all of the line separators
1320,2023-10-16 09:35:39,Incoming,ğŸ¤”ğŸ¤”ğŸ¤”
1321,2023-10-16 09:35:43,Incoming,Ok
1322,2023-10-18 21:42:39,Outgoing,Neetcode.Io
1323,2023-10-18 21:49:31,Incoming,https //us05web.zoom.us/j/87355716733?pwd=S7FcwCuBHAldTkOb7b1iTtbryf4mda.1
1324,2023-10-19 15:17:08,Outgoing,https //youtu.be/21FnnGKSRZo?si=dWyKbDA7ERp_WO71
1325,2023-10-19 15:51:30,Incoming,ğŸ‘ğŸ½
1326,2023-10-24 17:57:07,Outgoing,https //github.com/garimasingh128/CP-DSA-Cpp-C/blob/master/Cracking%20the%20Coding%20Interview%20189%20Programming%20Questions%20and%20Solutions%20by%20Gayle%20Laakmann%20McDowell.pdf
1327,2023-11-03 01:13:37,Incoming,"gozie help me check ,y resume"
1328,2023-11-03 01:13:46,Incoming,what do you think
1329,2023-11-03 01:13:52,Incoming,?
1330,2023-11-03 01:15:18,Incoming,tech companies are rejecting me
1331,2023-11-03 01:15:29,Incoming,and I dont know why
1332,2023-11-03 01:26:37,Outgoing,Thereâ€™s a lot of people applying itâ€™s normal
1333,2023-11-03 01:26:51,Outgoing,Remind me to review it tmmrw
1334,2023-11-03 01:38:59,Incoming,Ok
1335,2023-11-03 11:05:10,Incoming,bro please dont forget my resume review
1336,2023-11-03 17:56:46,Outgoing,do you have the file in a gooogle docs?
1337,2023-11-03 17:56:55,Outgoing,It will be easier for me to leave suggestions
1338,2023-11-03 17:58:50,Outgoing,A 2 year internships seems very long. I would break it up into 2 separate date ranges
1339,2023-11-03 18:00:12,Outgoing,The black jack card game should be completed so say you worked on it from August - October this year and then change the tense of the descriptiopn (chagne creating to created)
1340,2023-11-03 18:00:47,Outgoing,Probably everyone has done that project so if yopu can find an interesting one to complete and add it will help you.
1341,2023-11-03 18:01:09,Outgoing,Maybe this weekend build a chat GPT chat bot and add to your resume
1342,2023-11-03 18:01:32,Incoming,Ok
1343,2023-11-03 18:01:55,Outgoing,Say you gained experience about LLMs and the chat bot is being used by opne of the clubs you're in now
1344,2023-11-03 18:02:14,Outgoing,let me know if you have a google docs version. send me the link
1345,2023-11-03 18:02:45,Incoming,Ok
1346,2023-11-05 01:37:18,Incoming,https //docs.google.com/document/d/1PWpjANcRC6yLNTCZHP47aBNEUHQbdouGz2mGq3XbNZU/edit?usp=sharing
1347,2023-11-05 01:38:05,Incoming,google docs vesion
1348,2023-12-02 18:56:14,Incoming,"â€Voice call, â€Accepted on another device"
1349,2023-12-03 12:17:46,Incoming,"â€Missed voice call, â€Click to call back"
1350,2023-12-03 12:40:23,Incoming,"â€Missed voice call, â€Click to call back"
1351,2023-12-03 13:28:41,Incoming,"â€Missed voice call, â€Click to call back"
1352,2023-12-03 13:35:43,Incoming,"â€Missed voice call, â€Click to call back"
1353,2023-12-03 13:40:07,Incoming,"â€Missed voice call, â€Click to call back"
1354,2023-12-03 13:47:13,Incoming,"â€Missed voice call, â€Click to call back"
1355,2023-12-03 13:48:29,Incoming,"â€Missed voice call, â€Click to call back"
1356,2023-12-03 13:51:25,Incoming,"â€Missed voice call, â€Click to call back"
1357,2023-12-03 13:59:14,Incoming,"â€Missed voice call, â€Click to call back"
1358,2023-12-03 13:05:42,Outgoing,I havenâ€™t seen the address
1359,2023-12-03 13:06:45,Incoming,Im trying to get the address
1360,2023-12-03 13:10:31,Incoming,My address â€<This message was edited>
1361,2023-12-03 13:11:01,Incoming,New livingston hall
1362,2023-12-03 13:11:29,Incoming,The church address where Im going to
1363,2023-12-03 13:12:41,Incoming,St Edwards catholic church
1364,2023-12-03 13:14:13,Outgoing,When do you want to depart
1365,2023-12-03 13:19:05,Incoming,1 30
1366,2023-12-03 13:41:13,Outgoing,You missed the first one
1367,2023-12-03 13:42:41,Outgoing,Are you going to try and find work on campus next semester ?
1368,2023-12-03 13:47:09,Incoming,Yea
1369,2023-12-03 13:50:32,Incoming,Gozie
1370,2023-12-03 13:59:07,Incoming,Please can you send the money let me order it
1371,2023-12-04 21:47:16,Incoming,ğŸ˜‚ğŸ˜‚ğŸ˜‚
1372,2023-12-04 21:47:24,Incoming,Aha relax oo
1373,2023-12-04 21:47:40,Incoming,I didnt take anything serious
1374,2023-12-04 21:47:56,Incoming,It is your money and your sweat
1375,2023-12-04 21:55:43,Outgoing,Yeah I was just thinking
1376,2023-12-04 22:23:20,Incoming,I was just asking for help
1377,2023-12-04 22:23:39,Incoming,Im changing my major from computer science
1378,2023-12-04 22:23:44,Incoming,To biochemistry
1379,2023-12-04 22:23:58,Incoming,I couldnt cope with computer science
1380,2023-12-04 22:31:11,Incoming,Please are you still helping me in transportation fare to your house?
1381,2023-12-05 06:00:53,Outgoing,Never agreed to that
1382,2023-12-05 16:45:38,Incoming,Ok
1383,2023-12-09 11:00:47,Outgoing,What time frame would you be staying in Texas?
1384,2023-12-09 12:48:17,Incoming,3 weeks
1385,2023-12-10 12:21:09,Incoming,Gozie watsup
1386,2023-12-09 13:33:14,Incoming,"â€Missed voice call, â€Click to call back"
1387,2023-12-10 12:33:30,Incoming,"â€Missed voice call, â€Click to call back"
1388,2023-12-10 14:11:12,Incoming,"â€Missed voice call, â€Click to call back"
1389,2023-12-10 16:10:28,Outgoing,Chinedu send $200 for this flight
1390,2023-12-10 16:17:41,Incoming,0k I'm calling my mum
1391,2023-12-10 16:34:50,Incoming,â€This message was deleted.
1392,2023-12-10 16:34:52,Incoming,https //www.southwest.com/air/booking/select.html?int=HOMEQBOMAIR&adultPassengersCount=1&departureDate=2023-12-12&destinationAirportCode=AUS&fareType=USD&originationAirportCode=BNA&passengerType=ADULT&promoCode=&returnDate=2024-01-07&tripType=roundtrip&from=BNA&to=AUS&adultsCount=1&departureTimeOfDay=ALL_DAY&reset=true&returnTimeOfDay=ALL_DAY
1393,2023-12-10 16:47:18,Incoming,nedu0000
1394,2023-12-10 16:47:26,Incoming,Fisk@2023
1395,2023-12-10 16:49:36,Outgoing,https //us05web.zoom.us/j/89377474812?pwd=5vBblh2RLHPii84WWSTucZZ2qpKZmq.1
1396,2023-12-10 16:50:51,Incoming,I'm here
1397,2023-12-10 16:50:58,Incoming,"â€Voice call, â€Accepted on another device"
1398,2023-12-11 08:02:13,Outgoing,Whatâ€™s your email
1399,2023-12-11 08:03:48,Outgoing,enenta0000@gmail.com
1400,2023-12-11 12:40:17,Incoming,Yeah
1401,2023-12-11 12:40:24,Incoming,Is now am waking up from sleep
1402,2023-12-11 12:40:26,Incoming,Yeah
1403,2023-12-11 12:40:32,Incoming,Thanks
1404,2023-12-11 12:40:37,Incoming,I will sleep early
1405,2023-12-11 14:54:21,Outgoing,Go ahead and send that money
1406,2023-12-11 16:06:11,Outgoing,Weâ€™ll play football next Saturday
1407,2023-12-12 08:46:04,Incoming,"â€Missed voice call, â€Click to call back"
1408,2023-12-12 01:58:26,Incoming,My mum will send soon .
1409,2023-12-12 01:58:31,Incoming,What kind
1410,2023-12-12 01:58:42,Incoming,Xbox or real football?
1411,2023-12-12 01:58:51,Incoming,I hope is not American football
1412,2023-12-12 01:58:57,Outgoing,Real
1413,2023-12-12 01:59:00,Incoming,ğŸ˜‚
1414,2023-12-12 01:59:09,Outgoing,I guess you wonâ€™t sleep tonight
1415,2023-12-12 01:59:15,Outgoing,U must be too excited
1416,2023-12-12 01:59:15,Incoming,If I do
1417,2023-12-12 01:59:19,Incoming,I will miss the flight
1418,2023-12-12 01:59:28,Incoming,Tbh
1419,2023-12-12 01:59:32,Outgoing,Thatâ€™s true
1420,2023-12-12 01:59:36,Incoming,Sleep is swwt
1421,2023-12-12 01:59:39,Incoming,Sweet
1422,2023-12-12 01:59:42,Outgoing,Yeahâ€¦
1423,2023-12-12 01:59:44,Incoming,And inevitable
1424,2023-12-12 02:00:06,Incoming,I will Leave here in an hr time
1425,2023-12-12 02:00:08,Outgoing,I think if I sleep Iâ€™ll miss your arrival ğŸ˜‚
1426,2023-12-12 02:00:16,Incoming,I'm drying my clothes
1427,2023-12-12 02:00:19,Outgoing,Perfect
1428,2023-12-12 02:00:22,Incoming,My flight is 2hrs
1429,2023-12-12 02:00:36,Outgoing,What time do you land
1430,2023-12-12 02:01:21,Incoming,8am
1431,2023-12-12 02:01:41,Incoming,Or 8 30 am
1432,2023-12-12 03:29:24,Incoming,At the airport now
1433,2023-12-12 06:00:51,Outgoing,Ok
1434,2023-12-12 06:10:57,Outgoing,Safe flight
1435,2023-12-12 08:42:59,Incoming,Thank you
1436,2023-12-12 08:43:03,Incoming,I have landed
1437,2023-12-12 08:43:47,Outgoing,Which letter entrance are you by?
1438,2023-12-12 19:24:23,Incoming,https //www.backmarket.com/en-us/search?q=dell%2032%20inch%20screen%20curve
1439,2023-12-22 19:43:00,Outgoing,"As a top career prep counselor, I'd emphasize that a compelling cover letter should include the following key aspects"
1440,2023-12-26 15:53:38,Outgoing,how do I get NIN
1441,2023-12-26 18:10:42,Incoming,Go to a Nigerian embassy
1442,2023-12-27 20:33:09,Outgoing,https //www.amazon.com/gp/product/B07YB32H52/ref=ppx_yo_dt_b_search_asin_title?ie=UTF8&th=1
1443,2024-01-01 16:33:44,Outgoing,Too easy
1444,2024-01-01 16:33:53,Outgoing,How did you find that solution?
1445,2024-01-01 16:35:43,Outgoing,I think the next thing to search for is the runtime of multiplying a list with the * operator. Your interviewer will ask you to explain the runtime of your solution. Itâ€™s good to know both solutions. Thereâ€™s a chance that if you go into the interview and solve the question in 1 minute they will just give you another harder question
1446,2024-01-01 16:36:01,Outgoing,So take time to explain your thought process
1447,2024-01-01 18:29:33,Incoming,Damn
1448,2024-01-01 18:29:42,Incoming,I was thinking so hard
1449,2024-01-01 18:29:55,Incoming,To get a simple solution
1450,2024-01-01 18:30:10,Incoming,Hell no
1451,2024-01-02 02:03:36,Incoming,I told you that they want a second list
1452,2024-01-02 02:03:49,Incoming,So I used a get function
1453,2024-01-02 02:03:56,Incoming,No mutation
1454,2024-01-02 02:04:37,Outgoing,I donâ€™t get you
1455,2024-01-02 02:05:42,Incoming,"This is the list [5, 7, 8"
1456,2024-01-02 02:05:54,Incoming,They want this output
1457,2024-01-02 02:06:11,Incoming,"[5,7,8,5,7,8"
1458,2024-01-02 02:06:31,Incoming,Do this times 2
1459,2024-01-02 02:06:47,Incoming,ÃŒt will get this
1460,2024-01-05 01:32:18,Outgoing,Too easy sha
